date,0,1,2,3,4,5,6,7,8,9,10,11,12,13,14,15,16,17,18,19,20,21,22,23
2024-01-01,29.129999,28.459999,26.66,24.48,24.01,15.88,15.87,22.040001,25.42,32.209999,41.34,43.509998,43.02,44.290001,46.240002,50.610001,59.470001,64.989998,61.740002,55.07,48.009998,44.009998,45.200001,38.0
2024-01-02,38.0,33.560001,32.029999,32.290001,36.700001,41.720001,49.18,58.75,65.669998,66.110001,68.980003,73.540001,78.160004,78.870003,79.239998,79.959999,81.459999,80.919998,74.949997,63.18,57.110001,48.040001,40.0,30.0
2024-01-03,20.0,15.87,15.88,15.88,15.94,20.040001,49.439999,53.529999,63.48,64.989998,60.189999,59.959999,59.799999,58.860001,64.989998,68.830002,73.589996,82.279999,82.970001,79.029999,73.230003,67.410004,65.0,58.119999
2024-01-04,58.709999,53.599998,54.439999,55.18,58.25,59.150002,72.650002,85.019997,91.470001,94.199997,91.980003,90.400002,86.690002,85.959999,92.110001,98.620003,105.730003,133.229996,144.649994,125.0,103.589996,100.010002,94.860001,88.830002
2024-01-05,88.830002,83.089996,80.0,80.169998,82.489998,88.139999,109.790001,165.009995,299.01001,249.119995,255.860001,211.110001,203.279999,196.979996,197.860001,299.940002,449.640015,526.25,349.950012,181.910004,149.600006,112.82,100.099998,92.870003
2024-01-06,84.879997,83.199997,82.029999,82.18,82.529999,84.129997,84.480003,87.43,90.870003,94.980003,100.410004,103.650002,102.330002,97.75,95.510002,98.5,110.0,118.269997,106.940002,102.269997,94.980003,90.629997,89.339996,82.800003
2024-01-07,86.150002,82.459999,79.220001,77.529999,76.889999,77.419998,78.449997,80.370003,84.209999,87.57,89.75,91.989998,91.5,87.519997,87.230003,90.639999,96.209999,104.269997,106.089996,103.550003,100.5,93.309998,91.169998,83.860001
2024-01-08,87.019997,84.32,81.82,79.110001,78.480003,82.099998,94.300003,111.220001,121.110001,120.730003,113.900002,105.540001,97.839996,94.879997,102.459999,110.639999,128.0,132.309998,130.009995,122.120003,114.209999,102.830002,99.980003,91.489998
2024-01-09,88.160004,87.040001,85.0,84.139999,85.720001,89.279999,108.510002,124.059998,133.25,120.910004,113.190002,105.779999,100.220001,100.82,112.360001,121.089996,130.990005,137.949997,137.800003,130.429993,120.239998,111.68,106.18,97.089996
2024-01-10,89.290001,86.760002,86.730003,86.089996,86.300003,89.050003,108.879997,129.399994,143.0,130.389999,121.470001,109.129997,102.209999,108.199997,115.68,123.800003,134.639999,143.789993,140.0,132.149994,120.0,109.760002,104.489998,96.029999
2024-01-11,91.75,88.589996,87.25,82.379997,81.949997,89.360001,102.07,116.860001,141.0,129.160004,113.650002,106.480003,99.379997,99.0,105.980003,117.959999,137.350006,150.089996,136.690002,132.309998,118.949997,107.190002,100.0,97.220001
2024-01-12,91.040001,88.220001,85.220001,84.629997,84.339996,85.32,92.110001,118.160004,140.740005,134.960007,122.010002,114.730003,106.980003,103.080002,104.540001,110.0,120.0,127.5,126.0,119.470001,108.790001,98.480003,93.370003,85.150002
2024-01-13,75.639999,74.849998,73.650002,71.370003,72.239998,55.549999,45.619999,51.200001,67.160004,73.309998,72.019997,70.980003,69.949997,63.669998,67.910004,68.610001,70.779999,74.220001,75.809998,73.82,73.059998,70.93,62.759998,61.650002
2024-01-14,64.019997,62.110001,62.93,64.010002,64.669998,65.199997,67.309998,71.660004,76.739998,81.139999,80.629997,81.839996,80.389999,77.040001,79.150002,82.32,86.620003,91.860001,94.639999,85.260002,79.059998,78.599998,75.389999,66.889999
2024-01-15,69.650002,66.050003,64.309998,62.040001,63.57,70.57,79.949997,83.839996,99.300003,100.290001,94.879997,90.260002,83.860001,82.150002,84.5,89.440002,99.919998,109.080002,115.57,110.660004,103.150002,92.949997,89.489998,86.43
2024-01-16,82.190002,81.400002,80.07,78.260002,77.589996,83.449997,123.0,193.419998,275.589996,270.559998,249.929993,200.550003,170.039993,141.970001,143.580002,156.160004,170.080002,170.809998,133.080002,111.769997,95.489998,86.209999,82.040001,77.690002
2024-01-17,69.889999,69.360001,68.470001,67.559998,67.309998,67.279999,70.650002,79.940002,96.0,102.870003,106.910004,111.099998,117.709999,121.699997,121.739998,125.459999,128.559998,140.520004,123.589996,114.279999,109.800003,101.089996,94.279999,84.169998
2024-01-18,81.330002,77.199997,75.290001,74.910004,77.57,81.0,91.440002,111.550003,125.889999,122.169998,110.900002,107.949997,93.550003,87.620003,86.43,94.25,99.519997,104.68,103.260002,94.529999,86.970001,81.129997,77.43,71.330002
2024-01-19,68.400002,65.339996,64.050003,62.759998,63.32,65.849998,75.739998,89.379997,104.269997,103.300003,95.849998,86.559998,78.720001,75.150002,76.910004,86.949997,104.599998,114.769997,108.489998,85.099998,75.82,73.010002,70.690002,66.690002
2024-01-20,67.620003,65.010002,65.099998,63.34,63.369999,61.75,64.449997,68.550003,74.82,78.849998,73.57,72.510002,69.75,70.790001,73.389999,79.110001,90.050003,97.269997,101.110001,91.57,80.0,73.389999,70.419998,66.989998
2024-01-21,59.700001,57.549999,55.150002,50.889999,48.509998,47.450001,45.529999,43.959999,51.360001,54.360001,46.060001,48.669998,38.48,37.689999,44.299999,49.040001,49.830002,56.650002,61.450001,58.639999,51.5,52.459999,50.389999,29.030001
2024-01-22,27.299999,22.24,18.620001,5.04,5.06,20.0,40.5,60.470001,66.480003,57.580002,61.549999,60.599998,56.919998,56.720001,58.23,59.73,59.990002,61.849998,61.029999,60.029999,59.599998,57.0,26.07,23.030001
2024-01-23,15.84,10.1,9.37,4.17,10.22,21.629999,25.73,60.93,61.900002,61.110001,59.970001,59.439999,41.580002,26.76,42.91,62.759998,66.290001,68.459999,66.779999,63.34,60.459999,52.450001,40.82,33.259998
2024-01-24,28.610001,25.17,20.639999,18.82,17.85,19.549999,25.5,38.73,50.07,49.540001,50.099998,50.759998,39.34,37.34,45.040001,49.950001,50.799999,54.209999,53.32,50.09,42.18,40.040001,42.009998,38.529999
2024-01-25,43.84,43.970001,42.759998,43.849998,45.110001,51.009998,59.389999,66.050003,89.019997,85.25,81.349998,76.220001,73.150002,75.989998,84.980003,92.07,101.379997,123.379997,115.540001,98.790001,91.07,86.309998,80.43,75.160004
2024-01-26,62.799999,62.0,58.490002,56.349998,55.700001,52.16,57.950001,62.970001,64.940002,63.799999,61.220001,58.740002,52.279999,46.470001,49.279999,48.91,51.48,57.369999,54.189999,33.509998,27.58,25.76,24.389999,21.98
2024-01-27,19.32,18.26,17.629999,18.02,18.49,18.84,19.41,20.709999,28.85,31.9,45.82,56.610001,55.84,32.490002,39.779999,57.950001,58.93,61.75,61.310001,59.43,58.209999,57.849998,57.73,57.610001
2024-01-28,66.769997,58.799999,58.259998,57.720001,57.869999,57.630001,57.720001,58.98,59.200001,55.080002,51.16,45.75,41.580002,40.09,50.650002,56.41,57.93,57.860001,57.330002,56.610001,29.209999,16.370001,10.0,6.92
2024-01-29,15.0,9.99,9.99,15.0,15.0,15.01,24.190001,62.02,83.230003,88.389999,78.900002,71.269997,70.239998,74.989998,82.550003,97.599998,108.43,127.419998,117.300003,107.519997,91.980003,86.790001,83.419998,80.290001
2024-01-30,71.940002,68.790001,69.370003,67.440002,67.18,69.370003,76.550003,90.599998,95.93,84.93,77.150002,68.419998,66.470001,66.589996,70.209999,62.639999,63.73,71.900002,61.419998,58.450001,56.720001,53.919998,22.559999,24.17
2024-01-31,18.389999,18.459999,18.5,18.58,18.959999,19.389999,25.540001,56.150002,57.900002,51.16,41.880001,22.67,20.48,20.440001,20.08,20.09,26.01,49.360001,26.6,20.5,20.030001,16.34,3.73,1.6
2024-02-01,9.04,9.3,10.02,10.01,5.19,9.01,19.26,26.059999,26.219999,19.1,19.040001,19.040001,16.66,16.639999,11.76,16.629999,19.059999,54.93,55.07,26.26,26.08,24.9,16.639999,16.65
2024-02-02,28.040001,27.08,28.01,27.049999,21.08,27.02,34.849998,57.82,59.84,58.099998,56.740002,54.009998,46.98,52.34,45.0,31.83,28.040001,52.970001,53.209999,28.08,27.08,25.219999,21.969999,21.059999
2024-02-03,5.09,5.04,1.79,1.57,1.56,1.59,5.07,26.01,40.75,45.970001,35.619999,30.42,30.58,30.620001,19.01,16.639999,16.700001,57.830002,57.299999,56.189999,53.740002,51.209999,26.1,19.040001
2024-02-04,1.5,0.01,0.01,0.0,0.0,0.0,0.0,1.05,8.87,9.83,10.87,12.81,13.82,9.62,12.99,15.72,22.1,35.25,41.900002,35.299999,29.049999,24.52,24.440001,21.24
2024-02-05,11.78,10.65,9.67,4.99,7.01,15.03,34.200001,55.439999,62.32,56.860001,52.93,43.790001,48.02,48.540001,53.98,55.790001,60.720001,68.470001,68.779999,61.84,60.48,59.650002,56.299999,52.290001
2024-02-06,35.459999,53.169998,53.200001,53.209999,49.23,23.059999,61.139999,69.07,74.400002,68.290001,63.900002,62.200001,61.599998,61.349998,61.82,61.849998,62.630001,64.849998,63.810001,62.16,60.419998,58.849998,58.040001,55.060001
2024-02-07,53.23,52.369999,43.259998,46.59,54.470001,60.119999,74.349998,86.669998,87.0,85.529999,81.169998,78.010002,75.82,78.290001,77.32,86.739998,97.300003,120.050003,136.220001,109.699997,99.910004,87.650002,83.629997,79.209999
2024-02-08,73.699997,73.199997,72.150002,71.18,70.949997,75.980003,87.080002,110.0,133.149994,113.550003,97.790001,91.870003,89.379997,90.980003,94.900002,94.379997,93.010002,105.529999,97.0,86.059998,83.199997,80.610001,75.599998,65.980003
2024-02-09,67.269997,65.650002,64.669998,63.57,62.970001,60.869999,67.419998,69.599998,75.480003,73.68,71.459999,70.75,69.519997,69.599998,70.089996,70.120003,70.800003,76.440002,75.940002,70.940002,67.25,66.150002,64.959999,63.279999
2024-02-10,61.139999,62.029999,62.34,62.330002,62.349998,63.349998,62.639999,63.259998,64.739998,65.720001,67.470001,67.269997,66.18,65.120003,66.910004,68.010002,68.919998,88.400002,85.269997,69.059998,65.279999,64.18,63.380001,61.93
2024-02-11,55.48,53.669998,52.599998,46.830002,43.639999,46.25,49.189999,53.16,55.060001,57.970001,61.16,63.970001,63.049999,61.73,63.330002,64.709999,68.040001,76.07,80.580002,70.980003,63.290001,60.369999,56.509998,57.380001
2024-02-12,62.349998,59.939999,58.790001,57.77,59.209999,65.0,76.0,85.410004,104.0,96.5,85.470001,79.139999,67.370003,63.75,63.950001,66.400002,78.419998,93.900002,96.0,89.080002,79.150002,71.540001,64.290001,59.939999
2024-02-13,66.309998,63.799999,61.099998,58.959999,60.060001,62.700001,66.150002,75.68,88.75,74.959999,69.209999,63.869999,60.529999,60.259998,63.099998,69.0,77.919998,94.93,99.519997,90.989998,77.970001,71.860001,68.389999,64.739998
2024-02-14,60.630001,59.34,55.759998,54.790001,55.060001,58.43,63.23,72.739998,79.730003,69.650002,63.860001,63.290001,62.630001,63.82,69.029999,72.230003,78.540001,82.970001,87.580002,84.470001,76.480003,69.68,68.199997,63.799999
2024-02-15,61.709999,61.130001,60.299999,59.75,61.939999,64.480003,72.209999,81.57,82.669998,78.760002,74.18,69.959999,66.629997,66.190002,69.910004,75.050003,79.050003,87.0,86.910004,75.610001,69.559998,62.68,62.66,58.91
2024-02-16,51.759998,51.080002,49.919998,48.810001,51.380001,35.700001,35.810001,61.389999,63.130001,57.689999,53.07,35.209999,41.650002,52.310001,32.349998,31.290001,33.950001,37.919998,36.139999,29.99,26.360001,25.51,24.43,19.559999
2024-02-17,19.32,18.879999,18.43,13.22,11.16,9.99,11.11,17.23,22.08,30.08,30.059999,30.030001,30.07,41.610001,59.09,67.07,73.220001,87.93,110.059998,90.279999,80.93,74.57,72.440002,69.110001
2024-02-18,62.380001,54.810001,51.439999,50.32,50.189999,48.470001,46.02,48.970001,47.279999,43.029999,40.450001,41.0,40.099998,39.880001,42.869999,46.66,46.119999,46.77,47.970001,43.139999,40.360001,43.139999,44.73,53.939999
2024-02-19,44.0,43.040001,44.209999,43.91,44.919998,51.57,68.599998,79.089996,83.839996,75.029999,70.830002,69.129997,62.470001,60.009998,64.379997,67.620003,69.790001,76.25,97.650002,79.980003,68.919998,56.150002,53.470001,53.77
2024-02-20,58.060001,54.150002,53.790001,53.369999,51.720001,52.349998,66.589996,86.220001,88.709999,77.779999,69.839996,59.419998,53.52,51.419998,51.790001,54.810001,57.599998,68.769997,67.489998,55.650002,52.57,43.68,39.009998,36.009998
2024-02-21,37.369999,36.790001,36.82,36.82,37.950001,39.02,42.740002,53.389999,55.299999,56.18,55.560001,55.349998,51.740002,49.990002,53.759998,50.639999,59.990002,67.959999,66.93,59.919998,50.860001,45.98,40.709999,34.380001
2024-02-22,30.98,27.42,27.07,27.950001,30.93,29.33,63.07,75.0,81.910004,74.0,69.440002,67.25,59.57,57.470001,56.400002,63.200001,61.73,61.759998,59.91,52.419998,42.450001,24.440001,12.06,1.95
2024-02-23,1.6,1.04,1.19,0.09,0.02,0.09,5.29,17.07,24.610001,16.379999,16.33,16.389999,8.62,5.0,1.58,9.59,25.030001,53.279999,57.02,29.639999,25.049999,25.040001,25.030001,25.1
2024-02-24,66.470001,63.900002,59.5,55.200001,55.389999,57.099998,61.669998,66.110001,64.400002,57.599998,49.16,45.84,40.32,32.220001,37.599998,45.0,55.950001,71.669998,80.0,74.129997,65.169998,59.939999,56.0,52.200001
2024-02-25,56.57,55.439999,55.380001,54.889999,55.189999,55.07,56.709999,59.919998,61.580002,61.82,56.310001,54.119999,50.0,46.029999,49.84,55.0,67.800003,82.190002,93.690002,79.18,69.989998,65.919998,65.230003,58.380001
2024-02-26,57.830002,56.82,55.700001,51.799999,53.299999,57.919998,70.019997,79.900002,81.599998,73.830002,66.650002,65.029999,58.419998,58.189999,61.290001,64.949997,69.989998,77.0,85.32,81.010002,72.209999,65.690002,65.209999,60.759998
2024-02-27,57.619999,57.549999,57.349998,56.869999,57.349998,63.099998,74.309998,95.629997,95.779999,80.809998,68.709999,64.93,59.259998,59.25,64.709999,72.059998,79.82,98.019997,111.800003,105.169998,84.360001,72.370003,70.269997,64.970001
2024-02-28,60.360001,59.400002,61.34,63.459999,63.740002,67.440002,74.300003,98.889999,104.489998,85.459999,73.989998,67.550003,63.099998,59.259998,60.029999,68.739998,73.57,93.040001,93.239998,78.290001,65.440002,52.27,49.889999,47.360001
2024-02-29,51.830002,50.720001,46.700001,45.07,41.0,42.639999,47.07,47.240002,49.209999,49.740002,50.0,24.18,25.040001,25.01,25.49,31.700001,41.939999,62.610001,61.869999,54.0,29.1,25.049999,25.049999,25.02
2024-03-01,25.43,26.01,24.809999,26.08,52.029999,52.52,54.459999,58.849998,59.939999,59.950001,59.939999,57.98,54.110001,56.599998,66.720001,72.209999,78.279999,89.400002,93.730003,87.190002,77.489998,71.620003,70.059998,66.389999
2024-03-02,59.950001,56.029999,56.02,55.48,54.880001,55.990002,56.580002,58.799999,59.75,65.75,60.439999,59.18,55.830002,54.900002,59.860001,66.080002,73.0,80.629997,93.599998,89.900002,76.980003,69.809998,60.939999,54.990002
2024-03-03,54.5,53.630001,53.799999,55.59,55.310001,55.82,56.0,56.880001,54.77,53.990002,52.009998,49.459999,47.509998,42.509998,46.84,54.130001,60.279999,75.580002,84.360001,79.629997,80.209999,75.0,62.150002,72.419998
2024-03-04,69.129997,59.549999,58.700001,58.799999,58.990002,59.880001,60.919998,93.580002,99.779999,82.199997,63.720001,58.52,59.25,59.209999,59.599998,59.869999,60.419998,72.330002,74.489998,62.779999,60.889999,59.240002,58.240002,57.869999
2024-03-05,56.209999,56.48,56.459999,56.360001,56.470001,57.389999,58.380001,60.299999,61.240002,59.639999,59.18,59.220001,58.610001,58.59,59.060001,59.650002,60.689999,73.860001,104.379997,96.599998,68.690002,73.07,61.98,60.790001
2024-03-06,71.0,70.699997,70.459999,69.739998,70.459999,73.910004,83.980003,106.639999,108.699997,87.209999,75.919998,72.019997,69.349998,69.290001,70.639999,72.260002,81.059998,100.0,119.580002,119.25,93.400002,80.150002,77.980003,74.339996
2024-03-07,73.330002,72.32,70.339996,68.709999,69.889999,73.129997,84.269997,103.199997,96.699997,79.089996,71.309998,66.160004,61.689999,60.259998,63.330002,66.040001,69.919998,89.199997,105.709999,90.300003,82.489998,73.349998,73.32,67.720001
2024-03-08,68.449997,66.959999,67.010002,65.989998,66.300003,67.110001,82.910004,95.059998,88.889999,72.57,59.369999,55.779999,54.169998,52.799999,51.98,52.720001,58.110001,69.610001,83.760002,79.980003,71.18,64.900002,64.790001,59.889999
2024-03-09,57.950001,54.91,53.959999,53.419998,49.790001,47.790001,50.470001,53.060001,53.060001,48.119999,32.939999,0.2,0.01,0.01,0.01,28.190001,53.93,59.849998,62.060001,60.16,56.84,54.02,52.98,50.32
2024-03-10,48.650002,46.060001,40.98,35.549999,32.389999,32.279999,33.91,39.490002,34.82,25.25,4.63,4.98,1.51,1.58,3.41,14.41,48.75,55.18,57.639999,55.549999,50.009998,52.450001,50.009998,49.09
2024-03-11,36.68,33.900002,34.84,35.0,44.470001,54.950001,56.439999,62.27,64.790001,62.849998,61.900002,60.439999,58.849998,58.919998,58.720001,59.950001,61.610001,65.32,75.190002,72.099998,69.199997,67.550003,64.690002,65.769997
2024-03-12,69.190002,65.559998,66.510002,65.199997,65.959999,71.370003,87.059998,96.550003,100.779999,93.809998,85.419998,80.68,78.440002,78.260002,79.019997,86.339996,101.610001,113.059998,134.919998,124.57,97.480003,83.629997,78.93,70.330002
2024-03-13,63.93,62.299999,61.790001,60.889999,62.459999,66.800003,77.32,88.269997,89.910004,77.709999,68.07,64.849998,64.610001,64.830002,63.959999,67.839996,71.769997,89.910004,95.449997,65.190002,51.549999,54.560001,53.77,51.779999
2024-03-14,51.82,50.450001,49.630001,49.130001,50.709999,51.529999,56.5,57.919998,59.650002,57.889999,52.419998,49.84,49.709999,46.959999,47.73,53.68,55.84,67.809998,67.080002,58.25,55.990002,55.139999,54.450001,32.02
2024-03-15,47.889999,46.580002,45.57,43.950001,37.41,43.360001,48.299999,57.75,63.93,53.799999,46.560001,39.27,38.34,37.950001,43.849998,50.310001,54.529999,60.48,58.509998,57.200001,55.82,51.709999,50.16,38.220001
2024-03-16,38.049999,38.09,36.68,35.619999,34.900002,34.259998,34.279999,35.57,37.080002,38.889999,39.189999,38.889999,35.82,21.9,12.99,29.0,34.220001,38.220001,37.919998,33.16,29.690001,28.879999,25.370001,17.030001
2024-03-17,26.4,27.51,29.110001,30.299999,35.049999,38.470001,54.529999,56.599998,50.580002,47.150002,45.400002,45.91,41.810001,40.150002,48.060001,56.119999,71.760002,82.860001,94.309998,88.290001,75.080002,59.450001,57.049999,55.950001
2024-03-18,56.18,55.959999,55.82,55.68,55.860001,57.259998,84.25,97.709999,94.160004,80.809998,72.019997,65.040001,62.950001,66.660004,67.279999,71.629997,77.080002,107.650002,142.509995,126.480003,101.230003,79.739998,76.5,72.660004
2024-03-19,70.269997,69.529999,69.93,69.839996,56.860001,69.309998,87.349998,110.470001,95.870003,72.019997,64.150002,57.41,54.470001,55.360001,59.029999,68.370003,71.93,101.459999,128.270004,125.870003,107.360001,86.879997,81.5,76.099998
2024-03-20,76.010002,73.400002,74.900002,75.699997,76.360001,80.900002,116.0,116.239998,98.330002,70.629997,66.0,65.389999,61.43,63.950001,64.349998,70.779999,87.07,119.68,168.539993,159.050003,124.949997,106.519997,96.07,79.980003
2024-03-21,76.18,73.370003,71.550003,69.82,69.300003,71.739998,87.110001,98.209999,102.290001,80.0,72.410004,68.029999,64.639999,59.959999,65.239998,64.690002,75.269997,100.900002,127.129997,122.849998,93.080002,77.690002,75.620003,56.919998
2024-03-22,37.68,34.259998,32.240002,28.92,31.92,36.939999,42.32,48.049999,53.23,56.32,51.810001,49.849998,49.759998,50.259998,48.75,49.810001,53.419998,63.939999,60.630001,62.169998,61.09,60.5,60.119999,54.509998
2024-03-23,36.790001,49.68,51.009998,49.990002,50.439999,48.82,47.869999,43.48,37.720001,23.93,2.01,1.53,0.71,0.01,0.01,2.02,14.78,48.290001,54.889999,58.639999,51.810001,46.970001,40.279999,28.389999
2024-03-24,36.259998,33.869999,33.369999,33.540001,19.92,26.82,24.9,36.150002,41.919998,45.09,46.25,48.23,49.630001,49.240002,49.529999,51.23,54.900002,59.400002,75.0,74.900002,66.900002,64.769997,64.269997,62.970001
2024-03-25,62.509998,62.290001,62.48,64.510002,66.959999,77.139999,88.43,113.870003,99.68,77.43,70.050003,63.66,61.849998,63.220001,64.519997,73.970001,81.050003,111.879997,174.699997,149.75,102.730003,82.389999,79.559998,74.739998
2024-03-26,79.900002,73.300003,68.910004,67.980003,70.07,72.279999,80.379997,79.199997,72.099998,59.91,54.849998,52.220001,49.919998,47.990002,49.560001,55.139999,63.689999,66.589996,63.43,61.639999,58.360001,58.009998,56.650002,55.169998
2024-03-27,56.09,56.91,57.099998,53.860001,52.950001,54.139999,56.889999,62.369999,61.5,61.259998,62.860001,57.130001,57.66,59.540001,61.450001,62.200001,76.0,94.440002,120.419998,116.879997,97.599998,84.25,83.019997,74.470001
2024-03-28,79.089996,72.599998,65.239998,58.099998,57.400002,57.52,60.009998,76.050003,80.919998,63.240002,46.16,37.91,32.91,30.290001,29.469999,24.67,34.990002,44.330002,63.68,62.169998,38.919998,36.099998,31.120001,24.08
2024-03-29,20.6,18.379999,12.13,9.99,12.01,12.77,21.49,22.389999,15.94,13.28,16.879999,18.83,13.0,9.86,13.44,26.190001,44.889999,79.93,101.970001,105.449997,87.400002,79.93,75.889999,70.0
2024-03-30,69.300003,58.16,58.880001,58.950001,59.23,65.050003,58.57,47.790001,45.23,41.830002,36.040001,25.08,25.74,12.75,16.26,35.040001,51.290001,56.66,88.110001,59.310001,59.220001,59.029999,70.830002,65.739998
2024-03-31,75.699997,66.709999,66.709999,64.980003,60.48,58.740002,64.459999,71.510002,65.029999,49.310001,42.040001,35.369999,35.459999,33.099998,30.68,32.599998,41.07,66.739998,89.32,117.290001,83.720001,70.0,64.510002,54.900002
2024-04-01,49.950001,48.98,46.060001,43.580002,49.400002,52.349998,58.709999,64.489998,58.709999,60.889999,54.360001,30.389999,18.040001,20.049999,10.03,4.47,4.12,13.15,34.610001,48.529999,49.880001,45.689999,25.969999,7.47
2024-04-02,7.97,1.28,0.61,0.87,1.94,7.27,57.220001,74.360001,67.279999,46.82,38.290001,39.299999,39.279999,38.369999,33.380001,25.1,8.83,41.200001,72.699997,95.389999,94.879997,78.129997,74.860001,70.879997
2024-04-03,74.129997,71.75,70.050003,64.660004,64.889999,68.730003,94.910004,117.93,117.93,100.980003,107.349998,90.809998,82.029999,76.879997,73.040001,71.32,74.860001,90.220001,108.139999,120.349998,99.139999,74.709999,61.490002,55.330002
2024-04-04,54.52,52.009998,50.169998,51.57,51.939999,54.080002,60.900002,77.260002,75.330002,71.790001,69.169998,63.060001,58.080002,56.220001,55.490002,56.169998,57.080002,69.080002,75.360001,90.660004,80.580002,71.529999,69.760002,57.669998
2024-04-05,46.779999,48.27,47.52,46.529999,47.369999,47.290001,74.459999,82.220001,81.0,66.589996,50.5,45.540001,44.43,40.029999,37.07,31.040001,27.610001,39.990002,49.650002,53.400002,53.919998,53.400002,52.73,49.619999
2024-04-06,42.049999,43.779999,44.0,44.869999,47.509998,48.25,49.939999,51.259998,50.23,48.25,39.119999,39.990002,39.549999,37.84,34.919998,39.209999,39.869999,46.279999,52.700001,58.369999,48.279999,45.02,39.860001,25.26
2024-04-07,11.3,0.1,0.0,0.0,0.0,0.0,0.0,0.0,0.0,-0.01,-0.16,-3.01,-3.99,-6.55,-10.0,-5.04,-0.16,6.92,91.459999,108.389999,106.400002,89.949997,77.459999,66.330002
2024-04-08,70.769997,66.279999,39.16,41.869999,44.040001,66.339996,101.989998,149.779999,128.520004,85.510002,80.599998,71.230003,64.699997,60.0,57.889999,63.400002,70.0,75.010002,104.900002,137.300003,124.800003,84.849998,77.0,70.190002
2024-04-09,78.209999,69.389999,64.730003,59.02,60.84,65.480003,84.610001,89.949997,79.779999,68.300003,50.48,45.07,37.529999,30.040001,26.93,29.76,39.799999,48.369999,64.32,79.790001,59.950001,48.220001,45.0,34.540001
2024-04-10,9.19,4.1,1.56,1.28,0.17,1.54,3.09,13.58,19.440001,15.64,12.74,6.1,1.59,0.36,0.0,0.01,1.59,16.379999,82.650002,145.460007,141.100006,96.849998,52.560001,47.220001
2024-04-11,40.68,26.67,22.200001,9.99,1.57,1.56,2.61,39.869999,41.549999,30.0,10.05,0.86,0.91,1.1,0.57,12.88,8.68,46.529999,95.419998,134.360001,119.800003,91.050003,72.550003,60.470001
2024-04-12,45.540001,43.57,44.470001,40.82,40.0,40.0,41.290001,48.610001,69.269997,65.589996,42.16,24.940001,20.09,4.98,0.81,0.43,17.219999,39.400002,47.119999,47.150002,47.189999,47.110001,45.889999,44.130001
2024-04-13,23.459999,25.92,19.360001,17.530001,17.459999,23.309999,27.83,33.73,22.6,8.8,-0.02,-4.04,-8.02,-20.200001,-29.32,-31.6,-10.07,2.0,28.65,52.66,40.029999,34.650002,20.6,7.05
2024-04-14,0.43,0.83,0.91,0.42,0.49,2.91,12.55,13.0,7.41,0.0,-2.3,-11.98,-42.139999,-53.310001,-54.0,-40.049999,-6.25,1.57,21.1,87.800003,119.910004,112.610001,97.160004,79.690002
2024-04-15,46.009998,44.860001,70.550003,65.839996,75.230003,86.739998,115.730003,169.149994,153.240005,91.559998,76.239998,57.0,43.0,32.889999,19.5,29.940001,35.580002,46.299999,69.199997,78.919998,77.019997,66.309998,52.93,35.009998
2024-04-16,31.049999,17.790001,6.65,5.49,17.9,36.220001,51.59,74.260002,74.260002,64.809998,52.049999,46.150002,42.959999,42.369999,43.209999,48.529999,61.330002,79.669998,92.919998,113.989998,124.519997,104.459999,90.099998,84.099998
2024-04-17,83.839996,83.839996,81.349998,82.400002,82.959999,83.730003,109.389999,169.970001,155.169998,104.620003,83.900002,79.900002,80.300003,79.059998,77.709999,77.029999,80.0,86.900002,114.970001,159.919998,169.899994,130.059998,99.040001,87.809998
2024-04-18,91.830002,87.419998,88.529999,87.760002,89.610001,93.470001,121.879997,155.800003,131.190002,101.120003,90.209999,83.870003,80.639999,77.199997,73.010002,70.699997,70.879997,81.330002,94.029999,125.239998,128.830002,105.919998,89.889999,79.370003
2024-04-19,77.209999,60.830002,50.529999,49.470001,47.970001,49.080002,60.119999,70.739998,77.870003,69.25,61.27,57.279999,52.16,48.669998,46.380001,47.310001,50.91,57.360001,63.080002,63.75,64.690002,64.610001,63.709999,61.630001
2024-04-20,58.790001,56.580002,55.950001,57.75,61.040001,62.830002,63.919998,67.980003,65.040001,59.900002,50.049999,38.43,28.969999,12.33,10.55,18.33,37.41,62.830002,78.900002,89.610001,97.040001,90.309998,86.07,82.900002
2024-04-21,81.849998,70.589996,69.529999,64.400002,63.880001,63.619999,64.43,60.529999,60.880001,54.73,43.290001,42.470001,43.939999,42.139999,41.48,41.93,47.700001,58.68,74.599998,89.360001,95.260002,91.07,89.410004,88.459999
2024-04-22,78.970001,78.050003,78.440002,79.919998,79.790001,87.5,105.900002,130.789993,117.459999,97.050003,81.860001,81.239998,77.050003,73.669998,74.129997,76.589996,81.57,96.790001,118.199997,164.050003,170.960007,130.050003,105.769997,96.989998
2024-04-23,88.32,86.690002,85.949997,85.419998,86.349998,97.690002,121.400002,181.259995,136.279999,98.379997,82.870003,77.260002,77.459999,79.379997,78.620003,80.019997,83.019997,89.970001,102.400002,123.010002,125.07,105.099998,92.730003,81.550003
2024-04-24,79.839996,76.099998,75.309998,73.07,76.040001,81.830002,101.660004,131.320007,129.229996,97.080002,92.970001,91.040001,85.620003,83.480003,80.550003,82.690002,85.150002,96.089996,104.040001,135.199997,143.440002,121.160004,105.309998,90.209999
2024-04-25,83.5,80.0,77.370003,76.050003,75.239998,84.019997,102.440002,130.979996,114.360001,92.559998,80.169998,78.199997,73.919998,69.019997,66.809998,69.379997,72.809998,79.879997,95.169998,141.089996,152.289993,113.709999,91.349998,79.739998
2024-04-26,79.870003,74.0,74.199997,74.07,77.099998,82.980003,93.5,104.059998,96.059998,81.080002,77.809998,72.949997,70.349998,68.739998,65.370003,69.919998,71.699997,80.459999,93.879997,128.740005,136.559998,110.0,92.709999,88.260002
2024-04-27,90.290001,88.900002,86.589996,89.029999,87.690002,83.879997,86.080002,79.040001,68.650002,59.07,38.209999,26.09,39.509998,41.41,24.5,10.06,20.93,62.360001,86.0,119.900002,112.269997,85.0,75.900002,65.230003
2024-04-28,56.389999,46.139999,39.599998,32.32,28.49,26.690001,9.95,0.25,0.26,0.22,0.0,-0.96,-1.11,-2.5,-2.52,-2.03,-0.98,0.0,35.439999,59.310001,77.449997,78.190002,62.759998,56.029999
2024-04-29,41.099998,49.709999,53.5,59.5,56.889999,82.129997,99.07,117.949997,100.690002,75.169998,59.209999,36.459999,36.18,35.59,33.630001,35.57,47.68,85.75,104.730003,180.039993,204.570007,108.550003,87.290001,79.199997
2024-04-30,71.989998,65.169998,68.720001,63.650002,52.759998,55.049999,92.669998,99.5,84.449997,69.220001,52.540001,43.91,31.25,11.3,10.0,19.41,45.580002,53.389999,61.049999,65.220001,64.730003,66.050003,54.09,50.049999
2024-05-01,38.0,36.610001,35.82,35.099998,35.59,35.549999,38.290001,28.08,8.68,0.01,-0.97,-2.42,-2.45,-2.09,-2.06,-2.45,-0.98,-0.1,23.25,41.82,48.799999,34.009998,29.92,22.0
2024-05-02,14.56,10.94,10.0,7.8,10.94,30.42,39.82,51.759998,58.630001,31.450001,5.22,-0.08,-1.04,-2.7,-0.05,0.0,4.09,34.919998,39.049999,41.919998,41.990002,41.919998,37.869999,33.93
2024-05-03,29.780001,29.35,29.959999,30.01,30.440001,31.940001,35.080002,42.959999,42.740002,38.689999,38.09,34.98,34.169998,32.610001,31.77,32.130001,34.290001,42.07,80.449997,97.0,110.019997,105.269997,91.32,85.559998
2024-05-04,90.800003,87.790001,86.260002,87.720001,90.639999,98.339996,94.190002,90.019997,78.480003,62.380001,41.169998,31.18,24.93,14.53,13.34,26.030001,63.619999,79.360001,98.010002,121.919998,135.399994,113.559998,90.260002,83.599998
2024-05-05,90.580002,84.82,83.519997,80.489998,74.739998,71.129997,62.16,55.080002,41.330002,25.629999,9.33,3.59,3.18,1.94,1.9,4.27,4.9,32.0,86.5,96.239998,111.919998,107.529999,98.739998,88.669998
2024-05-06,82.860001,79.589996,80.410004,79.949997,64.199997,74.019997,107.089996,130.259995,100.459999,89.0,81.0,64.269997,76.260002,74.709999,74.889999,81.110001,81.620003,93.360001,108.370003,136.649994,143.990005,107.980003,94.580002,64.650002
2024-05-07,75.959999,75.93,75.940002,75.970001,75.989998,76.019997,95.989998,118.209999,112.660004,91.75,82.620003,70.910004,56.91,51.75,47.889999,48.810001,75.599998,90.82,105.860001,133.850006,151.050003,122.040001,101.699997,88.220001
2024-05-08,83.970001,80.839996,80.879997,82.470001,82.480003,81.25,107.480003,118.959999,110.120003,92.410004,85.400002,79.480003,71.18,61.93,62.09,59.889999,64.099998,87.949997,103.949997,124.480003,134.419998,114.650002,96.540001,87.959999
2024-05-09,87.599998,88.059998,82.970001,81.610001,75.510002,76.559998,84.0,80.650002,65.529999,23.34,4.98,1.09,-0.16,-0.59,-0.78,-0.18,3.08,62.07,85.059998,99.410004,118.169998,114.830002,94.650002,87.75
2024-05-10,92.129997,84.93,77.07,74.480003,74.779999,63.950001,72.489998,109.470001,95.599998,67.389999,20.84,2.87,0.52,0.02,0.02,20.42,65.459999,85.879997,105.910004,135.160004,166.630005,136.309998,104.870003,92.160004
2024-05-11,96.760002,94.18,90.029999,89.089996,89.910004,90.699997,86.720001,79.669998,56.470001,6.97,0.79,0.0,-0.58,-0.88,-0.91,-0.07,2.98,32.77,78.43,101.68,122.5,103.480003,86.260002,68.370003
2024-05-12,65.489998,54.5,44.52,41.220001,46.330002,43.5,17.610001,4.79,1.48,-1.23,-2.57,-4.07,-5.09,-6.58,-5.16,-2.09,-0.09,2.59,24.719999,63.619999,73.919998,55.400002,44.43,35.610001
2024-05-13,26.84,25.879999,25.709999,24.700001,27.0,36.650002,48.84,100.949997,76.589996,37.59,18.190001,7.04,1.59,1.01,0.01,1.51,17.190001,33.93,37.599998,43.040001,38.200001,35.119999,31.309999,33.66
2024-05-14,23.379999,19.950001,19.93,19.950001,20.0,23.01,38.369999,54.970001,46.75,7.73,0.33,-1.46,-3.0,-3.72,-4.99,-3.99,-0.92,1.49,32.68,37.619999,37.720001,36.330002,32.419998,16.25
2024-05-15,9.59,8.01,19.379999,16.16,9.99,26.879999,36.200001,57.889999,59.959999,43.52,7.06,0.22,-0.93,-1.05,-0.95,-0.09,1.73,6.95,28.92,36.419998,37.16,35.630001,35.400002,17.35
2024-05-16,2.66,2.73,3.36,4.51,6.87,17.200001,25.969999,46.080002,40.310001,26.75,10.32,1.26,-0.02,-0.71,-0.16,0.92,9.09,17.280001,20.809999,24.360001,26.209999,25.290001,17.84,4.3
2024-05-17,3.3,2.86,2.81,2.82,3.48,4.99,23.07,29.969999,32.450001,25.67,11.18,4.21,2.95,1.93,1.25,2.48,3.28,4.98,7.16,12.92,33.07,32.630001,31.040001,11.37
2024-05-18,9.53,9.99,34.220001,34.900002,34.830002,35.310001,58.32,64.309998,58.290001,42.689999,9.43,0.71,-0.02,-1.3,-2.79,-1.92,-0.04,3.38,49.099998,102.330002,124.110001,114.389999,96.519997,86.599998
2024-05-19,90.690002,89.059998,88.660004,86.910004,86.129997,80.559998,75.57,70.239998,46.959999,5.6,-0.03,-0.18,-2.06,-7.41,-15.07,-10.0,-3.79,-0.06,64.169998,89.589996,113.660004,122.860001,101.93,86.139999
2024-05-20,91.089996,82.639999,86.730003,86.089996,88.209999,91.459999,104.720001,105.690002,72.239998,32.799999,12.41,6.06,2.41,0.01,0.02,3.73,9.42,50.75,78.940002,105.959999,125.760002,116.779999,96.629997,79.860001
2024-05-21,66.010002,27.870001,10.0,10.0,9.99,31.940001,74.150002,117.089996,96.389999,35.380001,30.290001,25.15,20.66,18.33,15.04,20.75,24.99,31.139999,42.349998,55.75,57.360001,57.73,38.650002,8.33
2024-05-22,3.42,2.81,2.63,2.39,2.92,4.94,23.969999,36.450001,38.09,33.279999,23.129999,9.34,4.92,3.61,3.08,3.03,4.29,13.66,56.689999,64.43,64.459999,68.029999,74.620003,68.0
2024-05-23,54.189999,58.0,63.959999,69.309998,68.910004,74.980003,107.980003,118.0,97.839996,75.650002,74.889999,64.099998,52.5,45.310001,56.98,71.400002,83.769997,96.639999,111.489998,156.279999,175.740005,155.979996,123.540001,103.370003
2024-05-24,103.169998,94.120003,89.790001,88.220001,91.800003,103.230003,123.839996,122.07,115.900002,106.099998,96.160004,90.07,88.980003,87.739998,88.120003,88.18,84.269997,98.790001,111.769997,129.990005,125.0,115.839996,109.669998,99.839996
2024-05-25,94.879997,91.830002,90.43,89.160004,89.029999,90.260002,90.68,86.230003,78.580002,74.75,54.23,9.34,3.24,0.04,0.0,1.05,13.2,76.040001,96.230003,115.769997,131.919998,136.949997,115.769997,104.540001
2024-05-26,107.360001,98.300003,90.769997,90.099998,91.160004,88.610001,83.489998,71.900002,12.02,1.25,0.0,-0.09,-2.12,-6.05,-5.1,-2.79,1.18,55.220001,93.260002,118.080002,118.739998,121.099998,106.940002,87.5
2024-05-27,78.339996,73.260002,68.480003,67.870003,70.300003,82.019997,108.699997,132.990005,124.550003,107.220001,88.440002,86.260002,77.339996,74.459999,72.959999,77.779999,84.660004,111.040001,131.399994,186.679993,221.460007,169.860001,131.399994,113.779999
2024-05-28,97.779999,90.5,87.639999,85.220001,83.959999,88.040001,110.339996,120.099998,102.230003,85.43,72.519997,69.169998,61.099998,55.25,55.27,65.660004,72.519997,85.800003,102.279999,130.050003,144.309998,124.0,100.089996,88.779999
2024-05-29,72.220001,57.540001,54.279999,50.59,49.830002,45.91,72.150002,86.449997,91.519997,69.110001,67.849998,62.119999,59.07,62.25,62.18,69.489998,72.669998,89.230003,94.660004,111.440002,140.5,143.259995,120.389999,95.529999
2024-05-30,100.43,96.199997,91.209999,93.629997,94.559998,100.790001,103.370003,106.669998,97.709999,93.900002,85.0,80.0,70.919998,62.970001,62.970001,67.690002,83.75,90.129997,110.669998,135.229996,154.729996,143.449997,112.110001,100.709999
2024-05-31,92.0,78.769997,66.519997,61.700001,62.009998,63.75,88.959999,106.489998,106.110001,99.900002,89.760002,80.050003,73.110001,66.849998,63.73,65.330002,73.269997,84.099998,94.459999,107.940002,115.0,107.910004,99.290001,84.18
2024-06-01,88.580002,86.68,77.75,70.400002,65.110001,65.620003,65.900002,68.089996,70.75,61.349998,47.16,41.860001,21.209999,7.44,2.92,5.8,13.0,52.080002,67.5,81.900002,85.860001,81.760002,84.480003,65.389999
2024-06-02,35.709999,31.120001,15.85,7.22,8.96,5.13,4.91,4.11,0.97,0.0,1.56,0.77,-0.1,-4.01,-5.0,-4.36,-0.08,4.93,14.29,65.610001,94.989998,106.93,106.400002,93.550003
2024-06-03,93.599998,82.550003,80.199997,64.470001,59.98,93.860001,133.279999,193.059998,164.479996,128.080002,99.050003,95.900002,81.089996,63.139999,55.02,51.360001,56.869999,75.169998,111.379997,138.470001,179.300003,173.669998,135.509995,105.910004
2024-06-04,105.510002,97.779999,95.419998,85.860001,80.779999,99.739998,166.940002,177.660004,141.679993,112.370003,91.599998,81.309998,67.339996,55.27,43.860001,47.060001,64.029999,84.879997,116.220001,176.779999,235.520004,140.679993,107.339996,75.809998
2024-06-05,56.849998,43.93,24.6,22.92,22.0,25.559999,36.560001,46.34,48.709999,42.360001,40.009998,41.91,34.93,28.379999,21.93,24.0,35.150002,65.379997,102.57,123.93,152.149994,158.020004,138.080002,103.650002
2024-06-06,87.18,80.599998,76.919998,74.650002,79.830002,89.309998,112.0,117.300003,93.449997,45.25,47.040001,14.83,12.99,12.65,12.55,30.98,49.639999,78.730003,89.919998,112.910004,160.039993,167.720001,132.449997,104.389999
2024-06-07,101.0,96.129997,91.699997,87.529999,84.25,91.900002,113.949997,119.050003,102.760002,78.559998,60.66,41.389999,33.91,25.360001,17.41,14.59,24.059999,61.119999,83.169998,125.489998,151.039993,150.160004,123.839996,95.110001
2024-06-08,96.0,65.68,51.389999,39.98,34.139999,32.91,35.18,38.689999,37.689999,15.1,1.51,-2.2,-6.0,-13.88,-14.63,-13.5,-2.54,14.35,27.01,40.779999,32.57,31.73,31.110001,29.59
2024-06-09,69.019997,27.48,17.02,9.11,4.09,1.87,0.72,0.78,-0.08,-2.01,-7.6,-15.0,-24.77,-32.689999,-37.130001,-28.68,-4.99,-0.59,6.1,35.970001,38.139999,40.759998,41.189999,39.09
2024-06-10,37.150002,35.110001,34.419998,34.830002,22.620001,27.68,39.59,42.349998,41.259998,38.810001,35.259998,33.049999,32.32,32.029999,32.0,31.83,31.879999,50.220001,65.739998,109.599998,121.459999,110.599998,97.160004,77.0
2024-06-11,60.07,56.959999,62.950001,55.82,60.060001,59.110001,81.830002,100.260002,91.5,68.269997,49.919998,32.959999,29.49,21.67,25.040001,27.139999,31.190001,37.970001,71.650002,97.599998,123.190002,119.440002,101.099998,49.139999
2024-06-12,85.160004,79.980003,70.989998,70.349998,65.360001,73.470001,114.459999,126.5,103.690002,78.650002,64.190002,58.0,40.939999,39.459999,38.73,41.400002,63.0,81.199997,99.949997,135.699997,154.339996,154.660004,130.880005,107.07
2024-06-13,99.0,93.260002,84.190002,85.209999,83.830002,98.959999,122.410004,131.089996,115.019997,83.800003,69.010002,61.709999,53.360001,46.959999,43.349998,53.740002,77.419998,80.080002,106.910004,139.660004,188.350006,163.839996,108.370003,85.18
2024-06-14,83.129997,71.449997,63.93,59.529999,55.82,64.220001,85.010002,100.949997,104.989998,102.540001,82.18,68.099998,60.880001,47.459999,40.740002,41.0,60.310001,75.0,90.980003,136.0,127.309998,117.120003,83.410004,59.419998
2024-06-15,60.68,41.040001,29.969999,28.860001,22.51,10.04,1.54,0.09,0.0,-0.06,-0.9,-0.75,-0.22,-0.64,-0.95,-2.41,-2.78,-2.78,15.53,31.950001,62.09,67.769997,64.300003,40.400002
2024-06-16,24.91,10.36,4.92,2.92,2.19,2.53,2.95,0.69,-0.02,-0.8,-0.58,-0.59,-0.89,-0.8,-0.11,0.0,6.7,24.190001,34.84,99.650002,119.150002,121.300003,118.269997,94.440002
2024-06-17,76.620003,66.730003,67.160004,70.080002,69.410004,90.019997,119.129997,132.679993,116.230003,84.730003,62.110001,55.009998,41.860001,39.450001,45.5,53.23,64.209999,88.580002,114.160004,157.369995,210.160004,200.009995,128.149994,101.550003
2024-06-18,96.919998,90.290001,87.529999,89.290001,90.290001,95.940002,134.490005,130.169998,95.959999,80.900002,69.910004,54.810001,51.16,51.029999,57.040001,54.580002,76.239998,90.059998,133.25,158.190002,171.869995,134.470001,104.199997,91.629997
2024-06-19,99.949997,91.43,86.849998,85.779999,83.470001,84.339996,112.550003,116.830002,107.330002,86.309998,75.099998,66.230003,56.639999,33.560001,21.870001,18.950001,25.07,39.389999,37.09,38.48,46.860001,45.040001,48.02,44.759998
2024-06-20,73.190002,78.620003,78.879997,78.82,78.620003,86.550003,112.529999,112.629997,102.989998,80.519997,67.720001,58.639999,55.34,53.700001,55.130001,65.139999,78.080002,98.269997,119.309998,155.619995,200.089996,130.059998,111.830002,95.050003
2024-06-21,100.809998,90.769997,89.949997,87.830002,86.309998,86.139999,96.919998,122.800003,121.839996,111.669998,100.650002,89.940002,88.540001,82.68,76.339996,80.059998,86.720001,100.650002,110.0,116.93,114.400002,105.260002,95.989998,82.139999
2024-06-22,80.07,70.25,62.43,50.5,49.619999,46.470001,60.560001,48.889999,44.919998,34.34,12.85,3.69,2.72,0.1,0.22,3.7,11.74,35.080002,80.489998,112.160004,122.360001,124.050003,110.169998,89.769997
2024-06-23,90.489998,79.25,68.720001,68.690002,65.279999,56.799999,30.34,34.990002,25.42,9.94,4.07,1.6,1.18,0.44,0.09,1.74,4.99,25.73,68.010002,99.5,115.139999,115.440002,114.330002,99.790001
2024-06-24,106.18,92.190002,84.93,84.459999,84.959999,97.019997,136.059998,136.0,102.989998,79.339996,53.880001,37.810001,31.809999,29.959999,30.93,47.849998,66.32,82.489998,98.389999,153.300003,209.320007,156.0,116.589996,91.889999
2024-06-25,88.800003,84.800003,84.779999,85.220001,85.5,94.900002,114.800003,122.0,103.800003,74.639999,34.259998,28.379999,26.1,22.08,22.77,25.950001,48.369999,74.0,95.900002,128.899994,136.690002,122.089996,106.57,89.949997
2024-06-26,56.5,50.060001,47.439999,43.349998,45.529999,55.02,72.610001,80.139999,81.410004,59.91,36.369999,35.790001,32.900002,32.639999,33.540001,32.650002,38.139999,57.349998,93.050003,88.400002,112.050003,99.110001,83.199997,54.869999
2024-06-27,96.0,86.900002,80.400002,82.839996,78.0,83.239998,117.510002,125.110001,115.0,88.870003,66.739998,49.610001,33.110001,31.9,26.84,24.99,27.040001,73.779999,79.529999,110.080002,200.039993,186.179993,125.209999,101.800003
2024-06-28,96.849998,95.419998,86.080002,79.970001,83.610001,91.279999,120.290001,108.93,84.889999,59.900002,22.09,4.39,1.19,-0.02,-0.8,-0.9,-0.02,3.23,30.139999,39.950001,79.989998,114.879997,126.199997,108.849998
2024-06-29,110.400002,108.290001,107.949997,107.190002,105.339996,102.129997,95.089996,82.389999,66.910004,29.58,5.04,0.04,-0.02,-0.23,-0.08,1.3,11.91,69.510002,104.300003,126.93,139.199997,113.300003,100.080002,93.830002
2024-06-30,70.059998,61.689999,66.669998,67.050003,64.360001,51.389999,51.560001,20.42,6.83,0.82,0.0,0.0,0.0,0.0,0.0,0.0,7.71,29.860001,70.019997,87.260002,99.900002,102.389999,102.160004,93.010002
2024-07-01,94.879997,84.32,78.190002,78.010002,75.629997,80.82,121.660004,137.910004,142.360001,112.800003,104.440002,86.150002,66.129997,42.720001,34.66,33.779999,36.73,60.709999,76.169998,100.010002,162.789993,126.0,104.93,87.650002
2024-07-02,79.629997,61.990002,50.389999,54.009998,46.119999,50.82,76.599998,98.269997,98.839996,85.400002,81.120003,72.769997,70.980003,67.5,59.470001,60.41,72.440002,74.080002,82.75,101.139999,112.239998,85.059998,46.360001,40.369999
2024-07-03,37.200001,36.040001,35.830002,36.25,38.700001,58.900002,86.870003,97.82,103.459999,61.400002,43.310001,39.970001,39.130001,39.709999,41.040001,42.529999,50.5,79.169998,97.209999,115.940002,159.960007,113.099998,90.82,68.900002
2024-07-04,58.5,30.67,25.639999,17.450001,9.77,10.02,26.469999,30.0,31.629999,23.950001,3.58,2.92,2.74,0.97,0.0,0.0,-0.01,1.51,11.72,29.0,45.07,38.790001,38.68,38.099998
2024-07-05,6.92,4.71,4.12,2.67,2.92,5.72,19.99,28.690001,29.68,18.559999,2.95,0.41,-0.04,-0.55,-0.77,-0.03,1.93,13.06,23.27,36.700001,37.810001,60.060001,82.860001,84.949997
2024-07-06,85.519997,66.059998,63.52,46.459999,38.619999,15.69,5.6,5.5,3.48,0.32,-0.04,-0.02,-0.03,-0.12,-2.18,-2.71,-0.6,0.01,1.94,0.44,6.69,9.4,18.0,6.77
2024-07-07,-0.02,-0.1,-0.8,-0.48,-0.06,-0.01,-0.01,-0.01,-0.61,-6.47,-9.98,-12.04,-13.49,-15.02,-19.9,-12.2,-6.16,-0.08,63.990002,90.269997,125.639999,133.169998,115.199997,97.129997
2024-07-08,81.620003,76.650002,74.080002,77.720001,76.279999,79.440002,110.0,127.18,100.639999,77.610001,53.93,38.43,31.790001,29.450001,29.559999,36.75,64.0,80.199997,102.629997,136.490005,257.350006,173.690002,113.650002,92.019997
2024-07-09,105.519997,95.959999,93.080002,91.139999,87.660004,96.830002,111.379997,103.760002,94.0,67.260002,46.630001,33.709999,21.950001,15.98,4.34,11.08,53.73,81.690002,99.269997,110.269997,112.800003,100.32,45.419998,40.459999
2024-07-10,28.959999,28.18,27.219999,26.290001,25.709999,27.040001,40.310001,43.580002,83.489998,78.57,65.0,55.77,47.130001,40.759998,52.57,52.91,67.480003,80.139999,80.730003,99.720001,148.610001,164.080002,113.970001,92.919998
2024-07-11,96.019997,79.949997,77.059998,79.599998,80.309998,81.980003,107.709999,120.0,106.529999,89.110001,80.690002,66.599998,57.439999,47.700001,44.48,50.099998,60.98,81.910004,91.580002,120.0,184.330002,166.740005,121.589996,98.120003
2024-07-12,102.419998,87.309998,81.709999,81.040001,80.239998,82.230003,107.940002,109.919998,109.599998,102.400002,95.870003,89.830002,83.25,78.599998,78.040001,78.190002,83.660004,79.0,90.050003,96.620003,91.050003,92.339996,42.080002,26.48
2024-07-13,20.73,13.33,9.16,8.0,6.17,11.85,30.540001,27.82,26.6,20.969999,5.16,0.04,-0.01,-0.87,-0.81,-0.06,1.52,6.32,22.440001,50.330002,75.449997,76.260002,78.839996,63.0
2024-07-14,88.949997,63.189999,55.450001,44.299999,37.93,36.810001,31.959999,14.28,0.29,-2.29,-3.02,-3.4,-4.22,-5.16,-6.41,-5.36,-10.16,1.87,40.459999,91.93,115.800003,108.68,105.839996,87.059998
2024-07-15,79.349998,66.239998,58.169998,48.389999,52.099998,64.620003,64.68,64.650002,64.610001,40.099998,26.4,20.030001,0.44,-0.01,-0.07,20.809999,27.02,82.0,114.349998,199.289993,224.960007,143.559998,92.480003,80.099998
2024-07-16,76.589996,63.77,52.490002,36.82,38.16,50.32,71.279999,79.480003,76.169998,59.07,25.190001,21.26,15.84,13.59,4.06,2.9,0.01,25.540001,59.599998,81.989998,121.599998,114.279999,105.809998,84.309998
2024-07-17,87.400002,72.980003,72.82,70.529999,71.050003,77.440002,90.050003,99.760002,105.699997,77.139999,58.189999,41.75,32.59,21.85,10.8,13.47,38.880001,61.68,82.93,106.889999,131.919998,140.029999,114.910004,92.169998
2024-07-18,67.910004,73.019997,66.169998,65.849998,62.59,40.0,87.18,94.5,67.870003,47.099998,36.299999,33.98,33.950001,33.889999,34.099998,34.98,26.42,85.480003,92.0,127.660004,185.380005,176.729996,119.540001,101.919998
2024-07-19,90.110001,80.449997,79.910004,78.209999,81.279999,89.410004,110.889999,108.669998,98.400002,81.43,70.0,58.75,44.34,36.5,36.200001,42.540001,63.790001,77.339996,91.610001,119.040001,182.080002,120.0,106.860001,91.550003
2024-07-20,94.730003,89.410004,88.25,89.879997,94.239998,93.800003,89.150002,85.989998,68.199997,39.049999,15.9,3.77,1.37,0.02,0.44,4.6,18.01,36.700001,85.0,109.559998,134.75,108.809998,84.099998,74.510002
2024-07-21,63.630001,56.299999,55.200001,60.380001,66.550003,75.239998,64.400002,56.529999,40.68,18.57,1.01,0.03,0.02,-0.06,-0.18,0.04,18.68,41.23,80.449997,108.269997,112.730003,123.290001,109.169998,90.160004
2024-07-22,120.839996,96.629997,86.879997,86.93,81.839996,79.32,108.709999,120.089996,114.279999,94.339996,63.43,39.080002,25.610001,23.360001,19.41,20.379999,22.82,62.16,80.910004,99.040001,139.869995,140.259995,111.040001,95.519997
2024-07-23,82.849998,74.959999,73.389999,68.129997,70.559998,73.68,99.900002,116.0,110.449997,87.290001,68.870003,61.369999,43.419998,38.290001,36.009998,41.959999,64.860001,79.529999,79.919998,96.029999,116.93,102.010002,99.230003,91.580002
2024-07-24,83.550003,78.330002,72.559998,73.599998,56.779999,40.099998,43.349998,45.060001,57.509998,36.220001,25.0,21.190001,1.58,0.0,0.0,-0.08,16.700001,24.780001,51.889999,89.599998,108.519997,118.110001,109.010002,84.650002
2024-07-25,83.699997,77.5,76.099998,79.919998,76.400002,92.529999,106.160004,109.029999,90.980003,71.980003,55.080002,36.950001,23.73,17.940001,17.219999,22.25,53.799999,80.0,97.0,126.93,155.720001,131.610001,100.0,84.949997
2024-07-26,81.0,73.5,75.010002,77.300003,76.900002,79.989998,81.489998,106.660004,104.099998,96.830002,90.529999,81.349998,70.0,63.119999,60.189999,68.139999,72.839996,88.519997,94.339996,107.790001,143.25,139.0,106.389999,97.910004
2024-07-27,103.879997,103.029999,96.889999,95.150002,92.459999,90.190002,87.089996,82.410004,84.690002,67.669998,60.779999,39.900002,28.0,17.799999,17.92,35.02,67.720001,87.059998,104.970001,116.690002,123.099998,121.82,108.099998,97.940002
2024-07-28,109.989998,95.110001,88.209999,81.529999,78.540001,79.260002,75.529999,72.610001,25.42,4.99,0.0,-2.43,-15.04,-29.799999,-48.689999,-33.529999,-13.28,-0.26,4.97,46.830002,78.870003,77.669998,78.980003,43.279999
2024-07-29,51.209999,36.939999,69.160004,50.110001,51.57,54.369999,80.860001,100.93,98.459999,63.66,10.58,-0.16,-0.19,-1.7,-0.98,-0.07,13.74,64.480003,96.910004,123.239998,178.070007,132.720001,107.800003,90.199997
2024-07-30,78.010002,75.769997,79.269997,83.730003,88.589996,100.239998,115.639999,113.480003,99.650002,67.779999,37.52,7.84,1.09,0.01,0.26,12.93,40.68,78.099998,103.400002,129.440002,177.130005,147.669998,114.980003,99.040001
2024-07-31,98.849998,87.290001,85.190002,82.900002,85.099998,94.120003,105.050003,110.139999,95.260002,78.830002,55.889999,33.459999,21.75,11.36,17.530001,31.74,34.259998,75.800003,95.889999,115.389999,136.149994,116.190002,104.510002,96.489998
2024-08-01,96.449997,92.400002,86.849998,84.110001,86.099998,99.099998,134.389999,109.519997,105.949997,90.099998,76.949997,67.639999,64.029999,60.380001,62.130001,70.550003,74.239998,95.160004,102.830002,112.5,138.070007,124.029999,112.940002,105.699997
2024-08-02,93.93,89.169998,88.110001,82.970001,86.949997,94.440002,109.510002,121.379997,113.190002,104.419998,91.68,77.690002,73.580002,61.939999,53.439999,50.580002,65.419998,77.690002,102.220001,128.490005,146.190002,121.660004,114.419998,99.010002
2024-08-03,102.650002,99.139999,93.300003,89.099998,86.309998,92.099998,99.900002,95.510002,84.5,66.059998,32.439999,20.360001,14.66,6.41,4.1,13.25,31.57,73.610001,103.550003,110.019997,124.639999,136.639999,119.199997,101.300003
2024-08-04,110.209999,101.339996,96.900002,92.68,88.57,83.0,77.699997,73.199997,63.93,20.93,15.23,2.94,1.05,-0.02,-1.08,-0.01,2.99,21.92,65.199997,86.400002,89.18,94.900002,90.199997,66.32
2024-08-05,47.700001,45.93,43.43,44.360001,47.07,75.580002,118.980003,136.75,113.970001,102.830002,74.5,64.300003,57.119999,42.049999,36.349998,51.43,70.099998,85.400002,108.970001,152.759995,250.009995,170.929993,120.300003,102.919998
2024-08-06,103.089996,95.57,89.239998,85.239998,85.760002,95.769997,123.860001,126.040001,85.290001,74.510002,35.220001,22.75,15.86,4.49,8.78,19.92,39.23,82.190002,106.290001,174.580002,230.850006,170.449997,118.540001,100.029999
2024-08-07,91.389999,83.239998,79.290001,83.239998,86.43,104.360001,126.07,127.980003,109.059998,88.910004,73.559998,62.490002,42.139999,35.049999,51.189999,69.279999,85.739998,105.199997,106.410004,119.75,149.279999,134.25,112.739998,102.779999
2024-08-08,96.43,88.059998,87.360001,88.059998,88.269997,96.110001,110.93,124.93,114.410004,106.839996,86.099998,71.599998,57.09,40.490002,32.18,40.240002,57.810001,80.519997,101.919998,138.490005,197.309998,135.0,102.0,93.559998
2024-08-09,101.220001,81.910004,65.730003,62.759998,52.029999,38.849998,78.080002,86.290001,57.970001,29.15,8.76,2.98,0.05,-0.16,-0.8,-0.11,-0.01,2.62,16.1,25.27,29.16,27.58,26.0,30.41
2024-08-10,20.059999,23.120001,15.76,9.53,8.98,8.59,11.77,16.030001,15.01,0.2,-3.0,-12.2,-22.49,-40.77,-40.09,-29.67,-8.13,0.0,11.81,20.08,42.84,39.860001,48.450001,42.970001
2024-08-11,46.299999,40.860001,16.91,16.9,16.76,17.01,17.790001,3.0,2.97,0.0,-5.0,-14.99,-32.040001,-59.959999,-39.939999,-24.530001,-4.31,0.79,88.139999,128.800003,137.179993,126.150002,109.989998,97.279999
2024-08-12,104.980003,94.620003,85.300003,86.599998,88.849998,114.540001,153.820007,153.820007,115.25,69.900002,40.119999,16.040001,10.06,6.98,13.8,27.870001,48.650002,89.290001,122.779999,206.020004,224.839996,128.339996,106.879997,100.050003
2024-08-13,99.379997,87.720001,81.25,67.43,67.43,86.110001,124.209999,116.589996,115.07,68.010002,67.419998,55.939999,43.009998,40.369999,47.860001,38.209999,63.029999,105.0,118.300003,189.460007,192.839996,127.220001,111.480003,104.919998
2024-08-14,87.730003,90.050003,86.599998,90.300003,93.599998,107.099998,129.740005,136.619995,120.959999,108.790001,64.849998,64.760002,35.869999,26.32,16.77,81.739998,94.360001,105.589996,111.480003,161.410004,218.919998,148.699997,120.43,109.949997
2024-08-15,110.330002,109.660004,105.300003,94.739998,96.019997,108.910004,119.75,120.709999,114.970001,91.120003,59.099998,19.940001,9.86,4.19,3.18,4.36,33.310001,77.260002,119.93,142.509995,160.300003,140.839996,118.870003,93.540001
2024-08-16,85.339996,73.110001,82.800003,78.559998,87.760002,92.050003,128.419998,134.910004,124.830002,100.949997,76.150002,59.830002,50.68,49.93,47.57,55.16,82.669998,103.760002,134.919998,230.520004,243.119995,171.830002,134.539993,116.169998
2024-08-17,107.110001,109.260002,103.129997,101.82,110.589996,110.839996,106.699997,103.970001,103.43,84.0,69.489998,54.16,46.830002,40.630001,39.349998,39.560001,58.880001,88.400002,119.68,140.559998,149.179993,126.980003,116.699997,105.82
2024-08-18,111.82,112.800003,106.169998,106.220001,104.75,104.970001,99.529999,95.199997,88.199997,82.32,72.120003,72.519997,66.029999,33.639999,17.719999,51.279999,69.779999,82.389999,93.849998,109.93,115.68,109.830002,111.400002,99.449997
2024-08-19,97.389999,90.099998,88.699997,84.860001,84.5,87.970001,129.0,152.330002,129.600006,112.580002,96.900002,89.739998,84.379997,78.870003,80.209999,79.900002,84.050003,100.699997,113.970001,200.0,203.830002,140.110001,100.82,86.199997
2024-08-20,92.860001,87.400002,83.110001,72.540001,69.809998,83.0,69.779999,79.849998,108.199997,102.239998,60.580002,46.91,32.849998,18.219999,20.08,22.43,34.91,94.239998,118.07,123.660004,145.080002,120.0,103.419998,94.690002
2024-08-21,87.360001,76.400002,62.279999,51.220001,36.0,37.720001,44.150002,50.099998,77.949997,43.82,2.95,1.54,-0.78,-2.02,-2.31,-2.02,1.05,3.96,51.630001,66.029999,58.389999,58.610001,53.029999,19.23
2024-08-22,20.0,28.85,26.040001,20.5,16.049999,11.11,21.209999,18.91,31.1,14.89,7.84,3.79,2.8,1.61,1.59,1.15,3.73,15.58,53.650002,58.0,66.589996,59.98,56.619999,56.619999
2024-08-23,25.1,39.93,33.02,17.0,9.4,6.85,15.01,25.280001,27.190001,3.71,1.22,0.01,-0.07,-0.8,-1.76,-0.81,0.32,2.64,15.94,10.38,14.81,18.52,26.780001,48.610001
2024-08-24,94.400002,79.220001,78.25,72.529999,78.230003,102.809998,99.900002,99.07,76.220001,15.0,-0.85,-6.04,-11.75,-9.99,-8.16,-9.37,-4.45,-0.97,67.959999,90.199997,80.080002,68.910004,64.139999,3.0
2024-08-25,0.37,-0.02,-0.34,-1.0,-0.89,-0.42,-0.05,-0.01,-0.01,-1.39,-6.07,-10.1,-15.5,-20.01,-19.83,-10.15,-5.01,1.0,42.290001,97.919998,119.449997,105.489998,99.699997,92.480003
2024-08-26,50.66,22.93,2.93,1.41,1.16,1.93,113.110001,153.690002,130.970001,98.93,54.869999,4.21,2.97,2.98,7.02,62.98,88.0,99.470001,116.82,190.309998,231.059998,143.820007,110.860001,107.540001
2024-08-27,98.410004,89.910004,86.449997,87.300003,89.099998,100.160004,125.760002,137.990005,116.010002,89.940002,73.720001,29.129999,5.07,1.18,2.33,23.450001,52.5,88.709999,116.059998,232.25,217.919998,120.519997,105.209999,92.470001
2024-08-28,90.470001,91.309998,87.480003,89.199997,91.739998,92.349998,114.989998,128.570007,121.0,105.400002,87.559998,68.779999,35.139999,10.4,4.02,4.0,4.97,22.049999,62.240002,84.980003,65.480003,26.82,4.21,2.99
2024-08-29,10.07,10.07,18.0,25.15,42.049999,101.230003,125.459999,134.470001,126.239998,108.709999,92.190002,84.400002,65.779999,45.25,51.32,79.449997,90.150002,105.379997,123.510002,227.490005,289.269989,169.089996,125.0,110.099998
2024-08-30,109.879997,100.300003,93.529999,93.279999,97.620003,107.370003,133.550003,146.160004,141.729996,113.699997,98.239998,122.440002,53.630001,80.199997,79.080002,81.980003,86.349998,101.959999,119.989998,156.110001,137.289993,112.709999,96.830002,95.360001
2024-08-31,107.669998,103.339996,102.059998,99.040001,96.650002,98.07,109.970001,110.75,109.970001,84.919998,60.130001,18.34,0.47,-0.59,-0.8,2.55,23.709999,80.019997,117.300003,148.289993,126.779999,107.290001,99.849998,89.230003
2024-09-01,93.760002,85.980003,80.370003,80.139999,79.870003,76.57,79.489998,73.099998,60.630001,41.27,9.32,2.62,-3.39,-2.72,-3.44,3.58,16.99,78.279999,109.110001,131.600006,123.910004,107.629997,102.019997,91.5
2024-09-02,91.239998,94.769997,92.389999,92.510002,91.589996,101.519997,114.730003,134.949997,131.940002,122.639999,102.830002,90.82,85.050003,81.190002,83.629997,88.239998,93.629997,112.879997,137.779999,255.399994,212.059998,131.899994,114.239998,103.839996
2024-09-03,99.580002,93.0,91.5,92.970001,96.0,99.910004,133.919998,148.429993,133.949997,115.980003,98.879997,90.019997,84.800003,82.690002,84.129997,86.669998,91.209999,120.949997,217.089996,334.589996,340.0,206.800003,133.199997,117.32
2024-09-04,108.169998,101.019997,98.889999,98.339996,98.620003,109.370003,144.020004,181.160004,155.889999,125.290001,107.209999,96.059998,92.0,90.489998,89.199997,92.720001,101.849998,123.970001,155.699997,303.0,181.949997,130.259995,82.040001,56.259998
2024-09-05,101.269997,94.599998,90.0,87.110001,80.57,51.799999,80.389999,88.879997,54.669998,39.860001,51.650002,13.52,2.93,0.01,0.01,0.01,5.56,29.83,55.5,51.0,45.639999,39.919998,34.990002,26.25
2024-09-06,22.190001,19.92,19.9,20.0,22.25,24.799999,28.67,42.25,43.009998,39.48,30.0,20.07,13.61,7.95,7.81,15.01,15.06,42.09,74.669998,99.959999,99.830002,72.949997,46.23,42.169998
2024-09-07,102.300003,96.610001,94.730003,92.410004,94.400002,97.349998,100.260002,102.550003,95.440002,84.190002,51.52,14.17,5.27,1.24,3.1,5.75,49.619999,101.400002,128.570007,150.399994,133.0,101.900002,92.32,89.239998
2024-09-08,93.910004,86.459999,83.68,82.0,82.389999,85.099998,83.360001,82.07,76.730003,40.580002,6.24,2.49,0.04,0.01,1.19,3.14,58.619999,95.989998,119.040001,124.150002,128.119995,117.199997,105.800003,97.129997
2024-09-09,86.410004,85.760002,84.099998,82.029999,85.110001,85.790001,118.470001,140.619995,159.570007,129.679993,110.870003,100.739998,94.980003,89.169998,82.059998,83.980003,78.68,92.800003,113.150002,114.559998,88.120003,65.019997,33.98,33.849998
2024-09-10,2.9,2.94,2.1,0.69,0.0,0.0,1.81,22.549999,67.589996,54.060001,37.880001,9.52,0.04,-0.07,-0.16,-0.04,0.22,20.4,25.709999,30.049999,35.07,22.74,12.01,10.14
2024-09-11,20.059999,15.04,16.799999,19.09,23.91,26.84,86.790001,97.550003,110.720001,97.599998,76.809998,67.510002,62.450001,27.02,27.0,29.940001,34.150002,84.099998,103.43,122.190002,126.309998,115.139999,101.650002,101.489998
2024-09-12,90.059998,84.089996,80.699997,81.650002,83.050003,86.919998,107.959999,134.940002,135.940002,103.360001,85.0,80.410004,78.620003,78.230003,80.110001,84.93,91.669998,109.739998,145.190002,300.01001,250.020004,125.0,99.470001,92.040001
2024-09-13,99.970001,91.519997,87.309998,86.760002,84.629997,87.919998,98.720001,119.959999,132.240005,116.239998,102.540001,91.5,87.660004,76.940002,19.01,38.93,45.02,46.900002,67.68,89.419998,86.690002,68.800003,58.900002,14.91
2024-09-14,55.610001,36.740002,22.48,21.879999,23.120001,26.889999,49.509998,65.0,75.540001,61.919998,26.83,6.0,2.94,0.42,0.83,2.96,6.51,65.089996,94.389999,126.580002,117.849998,103.089996,93.75,84.760002
2024-09-15,78.110001,70.07,66.599998,67.150002,63.66,65.610001,69.18,85.419998,76.959999,54.07,7.35,3.65,2.86,1.96,3.09,5.43,14.0,82.25,112.800003,133.160004,123.599998,112.68,107.110001,92.599998
2024-09-16,92.989998,88.139999,87.260002,84.93,84.339996,88.309998,108.0,130.0,146.059998,126.400002,112.629997,105.019997,96.019997,86.889999,80.860001,75.370003,76.300003,86.980003,107.870003,112.57,109.010002,90.099998,78.809998,81.529999
2024-09-17,85.540001,82.300003,80.510002,79.839996,80.040001,91.519997,108.32,133.940002,137.520004,108.910004,96.519997,82.389999,59.810001,41.77,25.639999,44.439999,74.290001,93.5,112.989998,132.529999,111.239998,96.120003,89.940002,83.839996
2024-09-18,85.160004,80.940002,83.709999,83.669998,82.510002,89.919998,105.089996,141.919998,133.070007,102.440002,79.0,47.82,12.99,12.02,12.68,14.87,26.23,87.519997,113.910004,129.919998,108.199997,93.25,89.919998,79.489998
2024-09-19,76.400002,77.529999,78.029999,77.349998,79.260002,89.989998,113.470001,143.240005,124.120003,97.639999,74.809998,41.580002,13.8,7.13,4.03,14.14,55.32,91.050003,114.529999,134.300003,113.5,91.099998,88.970001,78.870003
2024-09-20,72.610001,74.040001,73.419998,73.169998,74.519997,88.389999,108.059998,141.449997,108.599998,88.919998,62.049999,17.700001,15.24,11.77,11.92,13.94,37.310001,84.120003,106.010002,145.720001,108.839996,91.07,87.800003,87.080002
2024-09-21,88.290001,85.300003,82.0,82.190002,86.379997,89.480003,99.690002,97.760002,85.300003,60.990002,22.0,3.15,0.01,0.03,1.93,5.54,42.810001,97.190002,127.5,141.990005,112.5,95.93,93.599998,88.300003
2024-09-22,97.730003,90.050003,89.989998,89.5,90.75,90.650002,94.879997,97.309998,86.480003,62.790001,22.629999,14.67,10.93,8.0,10.86,15.26,56.0,106.269997,132.229996,157.179993,126.110001,109.540001,98.720001,92.0
2024-09-23,90.800003,84.080002,85.199997,87.150002,86.93,97.300003,133.399994,203.729996,151.330002,109.989998,94.660004,80.160004,78.940002,76.550003,76.769997,80.980003,102.25,136.009995,240.259995,328.390015,178.639999,116.709999,100.93,91.540001
2024-09-24,88.199997,82.510002,83.690002,85.019997,83.260002,88.290001,110.75,141.960007,127.400002,106.019997,92.610001,83.870003,75.75,68.989998,61.59,74.940002,83.269997,104.040001,119.050003,124.129997,101.699997,80.440002,74.480003,60.580002
2024-09-25,10.06,8.35,6.8,5.97,5.77,9.94,15.64,17.5,17.67,16.549999,13.44,8.55,6.95,6.91,5.57,5.4,16.41,107.849998,156.199997,195.419998,131.839996,96.610001,91.639999,82.220001
2024-09-26,66.019997,58.779999,52.34,49.869999,45.529999,49.709999,72.029999,85.199997,83.400002,67.330002,42.060001,31.620001,17.0,12.08,12.68,17.25,20.01,63.68,80.0,89.0,78.93,41.220001,32.639999,22.73
2024-09-27,5.39,3.23,0.67,0.0,-0.2,-0.03,4.18,11.43,14.28,9.5,8.35,6.0,6.27,4.92,4.06,4.75,5.01,32.82,62.549999,60.470001,29.34,19.969999,26.030001,25.0
2024-09-28,2.9,3.03,3.29,3.16,3.27,4.15,5.15,9.1,14.51,15.99,9.75,3.78,0.65,0.0,0.0,3.29,6.59,10.09,42.970001,46.84,36.029999,10.17,26.43,3.76
2024-09-29,3.89,3.29,3.3,10.19,26.82,73.629997,77.0,98.0,96.879997,54.43,1.33,0.0,-0.01,-0.49,-0.45,0.0,43.240002,94.010002,152.589996,167.320007,109.610001,80.129997,64.300003,37.389999
2024-09-30,19.0,11.45,8.4,5.53,9.02,16.98,42.23,80.099998,80.099998,60.0,36.580002,20.91,9.28,2.06,12.73,16.860001,24.190001,32.720001,35.990002,36.630001,17.1,4.19,3.28,3.25
2024-10-01,3.21,0.07,0.05,0.02,0.09,3.3,10.07,39.419998,41.32,41.509998,38.650002,34.990002,31.24,29.99,34.959999,39.709999,43.560001,52.709999,54.400002,56.52,49.200001,46.330002,43.139999,41.57
2024-10-02,58.040001,49.259998,50.09,48.990002,40.259998,48.740002,79.980003,92.910004,122.540001,94.029999,65.019997,52.889999,57.799999,80.07,78.400002,81.43,81.510002,100.099998,117.010002,130.070007,114.370003,96.540001,93.300003,85.0
2024-10-03,67.330002,65.860001,65.139999,64.18,63.98,64.400002,65.43,73.370003,76.669998,72.900002,69.279999,63.040001,47.09,33.98,39.139999,51.360001,66.040001,89.699997,110.07,115.32,108.279999,98.760002,90.959999,81.459999
2024-10-04,73.900002,72.519997,72.099998,72.0,72.330002,77.099998,103.0,126.540001,141.419998,116.269997,100.089996,85.0,75.07,73.489998,75.82,79.07,89.800003,107.099998,131.970001,149.020004,123.699997,99.900002,99.900002,90.0
2024-10-05,93.099998,84.639999,81.400002,75.540001,75.720001,79.82,86.199997,100.400002,110.620003,103.0,82.419998,68.269997,51.439999,38.880001,43.490002,62.919998,77.120003,99.480003,148.649994,143.279999,107.230003,96.559998,85.230003,67.0
2024-10-06,65.330002,60.650002,59.099998,58.130001,56.93,58.130001,57.93,70.419998,77.199997,66.059998,26.02,17.0,14.2,12.52,15.28,18.719999,27.200001,90.940002,106.300003,97.220001,72.980003,59.369999,58.689999,51.709999
2024-10-07,34.580002,35.34,33.25,30.15,34.950001,39.16,44.990002,50.75,55.549999,51.48,49.959999,47.799999,45.73,43.200001,48.080002,61.450001,88.790001,117.199997,188.490005,188.529999,121.980003,99.93,91.910004,79.120003
2024-10-08,72.330002,67.07,63.990002,59.669998,59.689999,67.43,85.970001,110.370003,106.239998,85.0,80.330002,73.419998,66.510002,70.970001,75.790001,77.529999,101.190002,126.339996,156.770004,168.199997,114.410004,94.900002,86.599998,67.599998
2024-10-09,61.93,60.0,57.48,54.32,57.32,63.869999,86.699997,111.190002,110.980003,87.0,72.089996,59.900002,59.799999,59.849998,67.629997,77.169998,95.0,117.449997,122.529999,127.120003,111.050003,95.800003,95.099998,82.339996
2024-10-10,61.189999,46.889999,37.75,32.0,29.639999,39.599998,62.099998,84.900002,80.459999,67.5,52.009998,38.93,21.889999,15.94,20.01,37.18,37.18,38.23,39.48,38.639999,36.82,25.040001,13.48,3.29
2024-10-11,3.27,3.27,3.28,3.27,3.27,3.28,33.900002,58.889999,79.629997,53.720001,49.32,24.66,21.040001,33.919998,33.779999,39.970001,40.07,66.589996,125.940002,161.970001,120.0,99.790001,98.410004,87.830002
2024-10-12,90.089996,79.419998,75.580002,75.019997,71.919998,67.900002,71.629997,53.630001,50.709999,41.669998,35.299999,34.279999,24.790001,14.33,23.34,35.310001,29.35,56.799999,48.509998,40.080002,27.799999,18.08,13.7,5.6
2024-10-13,0.0,-0.01,-0.07,-0.37,-0.51,-0.09,-0.01,0.02,2.75,3.9,4.91,6.21,6.38,7.1,7.92,12.68,15.85,20.940001,34.970001,50.099998,39.509998,38.43,40.130001,36.810001
2024-10-14,37.099998,35.25,35.169998,34.360001,39.330002,62.200001,98.739998,130.529999,153.119995,117.940002,100.949997,93.230003,86.239998,82.599998,74.160004,87.080002,105.790001,158.509995,250.0,263.269989,158.0,114.120003,99.660004,94.800003
2024-10-15,91.230003,86.489998,88.349998,84.040001,80.800003,89.510002,114.529999,185.389999,176.610001,110.540001,92.75,83.050003,78.470001,71.75,75.900002,83.360001,89.029999,120.690002,136.789993,97.309998,76.260002,66.650002,59.650002,40.779999
2024-10-16,23.35,12.8,5.3,3.61,3.25,8.2,40.349998,47.41,54.450001,47.549999,26.68,14.16,4.09,2.95,4.13,14.05,16.559999,35.25,37.189999,36.52,35.849998,11.49,5.07,5.06
2024-10-17,3.29,3.29,3.29,3.28,3.27,3.28,35.080002,40.029999,41.119999,40.459999,38.459999,38.48,38.959999,40.919998,43.290001,63.549999,92.68,119.699997,173.210007,171.0,117.5,97.809998,89.050003,82.209999
2024-10-18,80.949997,81.160004,82.730003,78.839996,81.190002,84.339996,98.889999,149.779999,156.240005,111.0,95.760002,85.300003,82.959999,80.199997,81.190002,84.339996,103.290001,133.669998,181.279999,142.580002,103.25,96.830002,93.260002,85.540001
2024-10-19,87.059998,83.029999,79.910004,75.260002,75.870003,76.769997,80.0,91.910004,89.660004,84.599998,78.800003,73.32,66.160004,60.959999,63.889999,79.07,98.089996,109.139999,135.820007,118.93,96.800003,90.18,83.830002,73.330002
2024-10-20,54.040001,54.900002,54.580002,55.91,59.59,32.43,32.23,39.060001,48.259998,45.75,6.37,0.08,0.0,-0.98,-2.01,0.0,5.1,55.450001,42.669998,36.060001,33.91,20.950001,12.15,1.93
2024-10-21,-0.1,-0.1,-0.14,-0.08,-0.04,3.25,4.37,40.380001,39.16,32.200001,28.879999,27.98,25.27,28.120001,22.620001,58.27,89.870003,130.039993,212.149994,188.350006,128.440002,100.599998,97.800003,92.970001
2024-10-22,89.419998,87.519997,85.690002,83.599998,83.019997,86.0,98.139999,158.520004,170.119995,113.440002,99.220001,87.75,77.110001,70.879997,73.529999,87.080002,38.799999,101.779999,139.919998,157.75,114.019997,93.550003,95.720001,88.349998
2024-10-23,75.279999,83.230003,82.019997,83.209999,85.800003,90.639999,104.720001,137.490005,161.679993,128.419998,104.099998,93.019997,80.580002,77.07,75.419998,88.209999,93.360001,135.389999,198.369995,176.0,111.709999,101.220001,102.93,93.160004
2024-10-24,86.760002,80.110001,78.099998,75.669998,71.360001,80.169998,100.349998,141.860001,165.389999,117.300003,101.910004,93.050003,83.959999,79.150002,81.510002,95.699997,116.169998,123.580002,138.699997,114.190002,96.610001,93.639999,89.900002,83.610001
2024-10-25,82.5,82.07,79.690002,82.599998,84.470001,94.589996,108.940002,123.75,150.589996,122.43,108.150002,93.900002,81.080002,78.18,82.470001,99.330002,118.029999,158.729996,227.320007,184.850006,123.860001,116.290001,113.959999,107.400002
2024-10-26,115.290001,109.639999,106.949997,107.790001,105.699997,106.82,113.93,125.709999,126.0,117.57,101.389999,81.480003,68.349998,63.299999,64.550003,81.440002,100.599998,125.730003,150.899994,118.739998,96.480003,88.760002,87.5,76.629997
2024-10-27,92.220001,84.0,81.33000150000001,79.410004,78.790001,85.139999,89.209999,88.050003,84.339996,66.480003,54.720001,42.5,39.990002,40.0,64.330002,100.93,117.800003,148.300003,145.710007,130.470001,118.110001,111.389999,109.959999,87.260002
2024-10-28,95.599998,89.379997,84.139999,79.400002,79.889999,94.120003,98.910004,130.009995,127.379997,116.18,97.610001,98.309998,94.93,101.330002,113.93,121.360001,124.199997,141.110001,148.800003,146.119995,124.190002,115.589996,109.959999,102.410004
2024-10-29,101.339996,100.040001,98.830002,98.169998,100.019997,113.099998,127.379997,157.729996,151.320007,129.690002,120.699997,112.970001,105.449997,117.730003,135.940002,172.259995,212.720001,285.799988,257.440002,203.820007,140.600006,122.75,116.18,103.089996
2024-10-30,99.730003,98.610001,86.610001,67.120003,64.089996,66.32,72.779999,99.68,103.690002,97.690002,62.900002,59.169998,49.099998,52.09,84.849998,99.739998,142.360001,183.220001,192.869995,159.419998,109.470001,103.699997,108.650002,99.839996
2024-10-31,99.709999,98.510002,96.580002,94.809998,88.199997,85.25,87.910004,99.080002,86.629997,40.310001,20.790001,14.73,12.41,15.92,15.87,15.52,15.59,19.129999,16.719999,14.59,12.49,8.81,7.07,3.95
2024-11-01,3.24,2.18,1.75,1.56,1.52,1.71,3.23,4.01,4.38,3.35,3.25,3.15,3.22,3.24,3.27,3.29,10.36,13.83,19.98,13.18,14.55,15.25,20.0,24.58
2024-11-02,61.939999,79.910004,88.760002,86.0,86.849998,90.760002,96.5,100.110001,101.150002,109.629997,91.18,94.419998,88.660004,91.489998,103.400002,122.269997,137.580002,158.550003,149.899994,134.929993,122.779999,111.260002,106.279999,100.610001
2024-11-03,101.190002,96.290001,88.580002,85.080002,76.470001,63.900002,55.939999,45.73,40.02,38.900002,33.459999,31.860001,31.469999,16.98,21.040001,32.0,67.82,96.730003,96.370003,71.279999,37.200001,39.220001,53.099998,92.400002
2024-11-04,92.029999,89.959999,90.059998,89.839996,90.779999,98.510002,124.870003,144.929993,137.470001,120.150002,100.540001,97.160004,95.199997,98.510002,103.209999,130.470001,179.330002,276.200012,241.139999,162.110001,123.010002,110.129997,105.019997,92.739998
2024-11-05,83.639999,94.0,90.690002,91.300003,94.0,96.099998,106.010002,137.690002,136.270004,118.269997,105.900002,95.309998,94.949997,99.269997,110.379997,155.960007,331.779999,472.929993,430.970001,320.140015,169.679993,129.880005,117.760002,101.849998
2024-11-06,99.800003,99.029999,95.379997,95.809998,96.139999,92.790001,120.870003,217.25,196.460007,142.740005,133.410004,123.120003,123.139999,125.529999,139.320007,191.789993,300.470001,549.27002,334.609985,246.110001,160.539993,128.789993,112.839996,95.620003
2024-11-07,90.0,88.809998,87.540001,87.010002,68.190002,91.080002,101.779999,172.800003,190.850006,152.850006,148.800003,134.740005,135.0,132.850006,139.839996,180.419998,242.759995,370.790009,277.410004,171.729996,129.320007,113.849998,111.519997,99.739998
2024-11-08,69.970001,65.620003,58.139999,57.709999,43.580002,69.769997,100.949997,127.400002,132.75,126.370003,117.260002,110.139999,105.459999,100.919998,100.839996,95.730003,128.970001,128.460007,100.910004,77.290001,39.990002,38.77,38.73,37.709999
2024-11-09,105.089996,99.959999,98.0,96.68,98.410004,100.669998,104.269997,109.82,114.050003,114.550003,109.959999,106.370003,106.849998,107.970001,110.139999,121.449997,137.210007,146.910004,147.779999,139.880005,128.360001,117.989998,114.529999,110.120003
2024-11-10,104.949997,102.260002,101.989998,100.839996,100.870003,101.93,100.260002,102.400002,105.330002,110.940002,112.580002,110.110001,110.889999,108.580002,112.330002,126.199997,134.0,148.710007,145.990005,138.589996,125.279999,115.25,111.029999,107.919998
2024-11-11,109.540001,103.589996,99.910004,97.769997,97.410004,103.830002,115.669998,128.350006,135.059998,132.910004,128.490005,124.199997,119.830002,128.979996,130.419998,139.029999,140.940002,154.630005,147.080002,133.679993,121.959999,112.889999,111.550003,105.379997
2024-11-12,110.279999,104.620003,102.650002,103.970001,107.470001,117.989998,147.669998,185.570007,204.100006,220.910004,190.270004,171.110001,161.619995,156.470001,174.380005,218.759995,272.700012,317.839996,225.360001,171.369995,149.130005,131.889999,125.190002,115.550003
2024-11-13,117.010002,111.580002,107.720001,107.32,107.760002,114.18,130.139999,164.589996,225.169998,217.190002,200.570007,177.5,160.800003,161.889999,153.240005,161.869995,178.050003,177.509995,173.949997,149.270004,92.93,73.620003,50.34,40.029999
2024-11-14,51.490002,48.389999,48.919998,49.450001,42.720001,50.84,82.150002,100.959999,116.599998,112.199997,108.540001,111.610001,114.019997,127.400002,134.020004,142.179993,147.419998,155.910004,154.100006,148.300003,138.589996,129.440002,122.889999,112.470001
2024-11-15,103.779999,102.160004,100.160004,99.940002,89.370003,89.349998,94.25,127.739998,147.020004,137.490005,133.740005,107.139999,102.139999,96.290001,95.059998,95.07,95.139999,99.57,76.800003,39.98,39.349998,32.099998,16.24,12.22
2024-11-16,11.43,10.33,3.53,3.3,3.28,3.28,3.29,3.3,11.42,11.5,22.42,27.129999,27.93,26.700001,29.540001,36.970001,38.939999,47.009998,45.110001,39.810001,37.130001,38.959999,32.98,26.5
2024-11-17,16.49,22.15,30.32,28.67,24.790001,20.1,27.18,31.049999,29.440001,30.049999,24.17,20.0,19.73,14.92,37.610001,33.59,38.27,39.34,38.740002,37.869999,36.439999,35.25,31.42,23.85
2024-11-18,13.08,13.1,13.73,14.15,25.49,29.93,62.150002,100.160004,118.040001,102.510002,85.93,81.379997,76.980003,69.779999,82.550003,113.459999,131.479996,158.690002,161.830002,151.770004,127.580002,117.620003,116.989998,108.400002
2024-11-19,107.059998,101.400002,95.580002,91.730003,95.290001,95.849998,118.040001,135.130005,156.389999,159.190002,156.270004,152.820007,148.690002,144.979996,140.789993,130.830002,132.910004,141.800003,133.050003,125.940002,117.099998,109.370003,105.239998,89.830002
2024-11-20,100.139999,91.989998,86.589996,81.510002,81.949997,93.279999,107.550003,135.619995,142.869995,140.100006,120.349998,107.769997,97.260002,97.370003,107.139999,130.380005,135.110001,141.970001,142.539993,140.210007,135.899994,122.959999,116.339996,103.440002
2024-11-21,93.919998,90.370003,86.760002,84.120003,80.150002,92.440002,107.160004,121.43,132.979996,134.979996,127.330002,115.459999,113.550003,120.82,141.600006,154.830002,174.990005,182.240005,161.330002,154.029999,131.309998,123.040001,122.879997,107.440002
2024-11-22,116.129997,106.220001,97.860001,91.379997,88.669998,91.389999,117.860001,138.270004,169.720001,154.639999,140.020004,134.259995,108.230003,95.529999,98.07,107.790001,114.400002,131.369995,134.740005,129.059998,107.07,105.559998,89.989998,73.690002
2024-11-23,61.439999,53.490002,49.959999,47.189999,47.189999,47.59,47.57,54.84,62.68,69.949997,78.529999,73.489998,71.190002,75.839996,85.669998,100.620003,87.309998,95.559998,86.080002,70.989998,59.540001,48.009998,39.080002,18.450001
2024-11-24,2.68,2.03,1.66,2.27,1.72,2.0,2.79,3.22,3.23,3.99,3.3,3.38,3.26,3.04,3.27,6.45,13.98,15.51,16.17,12.02,7.4,4.49,3.27,0.01
2024-11-25,-1.25,-1.59,-1.42,-1.86,-1.42,-0.28,0.09,54.32,60.580002,63.299999,42.52,41.34,39.970001,48.82,46.52,40.049999,41.650002,47.330002,46.5,40.709999,38.439999,29.42,25.02,39.619999
2024-11-26,22.219999,18.02,24.219999,23.17,23.34,22.469999,38.82,39.43,40.959999,39.880001,40.029999,39.830002,39.799999,40.060001,40.919998,47.23,47.540001,47.66,47.66,70.440002,47.32,47.610001,42.639999,38.619999
2024-11-27,40.27,39.080002,39.650002,40.560001,42.939999,46.900002,101.970001,148.399994,171.580002,159.210007,153.169998,150.070007,145.729996,140.559998,130.160004,131.759995,117.940002,112.660004,113.160004,101.959999,78.230003,71.940002,66.809998,49.029999
2024-11-28,49.209999,42.150002,33.720001,32.84,37.810001,47.880001,63.27,87.57,104.620003,100.809998,89.660004,93.93,91.480003,91.800003,95.18,106.599998,132.639999,149.350006,158.240005,153.919998,143.979996,132.5,122.160004,112.599998
2024-11-29,110.349998,107.040001,103.510002,102.830002,105.330002,115.32,145.179993,169.369995,181.440002,162.570007,143.089996,136.470001,126.650002,119.519997,129.550003,140.990005,152.009995,150.509995,142.059998,130.809998,119.900002,112.099998,113.730003,103.269997
2024-11-30,79.989998,60.669998,51.73,39.459999,38.740002,37.16,37.990002,40.040001,41.049999,41.990002,41.880001,42.490002,42.060001,54.990002,89.220001,99.529999,114.970001,136.929993,135.880005,129.919998,116.400002,112.160004,114.760002,106.650002
2024-12-01,95.18,89.989998,88.129997,85.68,84.25,79.980003,83.209999,89.169998,99.160004,94.580002,89.269997,82.360001,85.220001,83.059998,90.589996,102.790001,117.449997,109.949997,101.529999,83.489998,67.269997,58.790001,50.139999,45.360001
2024-12-02,22.299999,27.040001,31.540001,31.48,31.809999,38.16,53.509998,102.099998,105.339996,103.620003,101.870003,97.720001,99.019997,108.199997,129.5,144.039993,133.699997,147.070007,147.899994,138.0,112.889999,100.050003,95.339996,88.690002
2024-12-03,95.489998,90.900002,88.0,86.800003,94.959999,95.580002,119.940002,142.009995,153.470001,145.100006,130.740005,129.580002,135.649994,142.449997,150.039993,168.949997,205.179993,210.009995,197.889999,189.839996,168.449997,153.130005,142.070007,102.080002
2024-12-04,102.099998,102.059998,82.839996,73.339996,73.900002,83.870003,140.550003,204.759995,268.839996,244.070007,212.229996,198.960007,192.309998,192.710007,207.610001,227.919998,251.800003,287.869995,230.300003,194.050003,158.839996,133.029999,119.989998,110.989998
2024-12-05,114.769997,105.739998,100.099998,87.139999,76.940002,77.699997,91.300003,139.649994,137.369995,131.770004,121.93,104.75,77.690002,71.709999,63.650002,62.119999,60.799999,61.099998,53.310001,42.860001,34.009998,34.380001,36.189999,30.1
2024-12-06,10.64,4.6,3.87,2.62,3.22,10.13,42.220001,92.68,110.120003,110.120003,104.029999,98.339996,91.849998,100.660004,108.959999,116.910004,131.550003,142.990005,151.070007,142.429993,129.949997,119.370003,121.089996,102.150002
2024-12-07,86.660004,74.330002,68.0,63.869999,58.09,37.41,38.259998,41.48,54.169998,59.099998,53.709999,51.82,54.880001,55.200001,57.389999,59.119999,60.950001,63.0,62.099998,69.099998,75.0,76.339996,73.989998,68.730003
2024-12-08,43.619999,43.619999,50.75,41.400002,40.599998,40.02,40.939999,44.080002,45.759998,67.110001,88.910004,103.919998,86.080002,101.82,85.150002,79.449997,83.279999,82.870003,78.330002,66.550003,58.740002,54.669998,43.130001,35.400002
2024-12-09,42.91,45.209999,24.76,18.07,9.62,38.240002,51.66,70.300003,82.139999,67.089996,67.419998,68.769997,70.160004,79.410004,93.32,113.510002,116.050003,118.940002,116.919998,114.190002,99.879997,88.279999,83.580002,74.919998
2024-12-10,72.650002,69.379997,67.110001,68.019997,70.169998,80.459999,112.07,135.190002,169.779999,182.149994,184.770004,186.509995,180.649994,190.800003,189.429993,197.639999,200.190002,202.389999,181.009995,180.179993,166.610001,151.160004,137.949997,121.379997
2024-12-11,115.949997,108.230003,107.309998,106.169998,108.690002,125.309998,163.429993,295.519989,368.98999,377.149994,348.660004,380.01001,385.890015,404.929993,371.980011,380.959991,437.899994,445.100006,359.929993,341.26001,206.830002,171.199997,150.009995,135.970001
2024-12-12,122.25,115.309998,109.970001,107.360001,112.519997,123.669998,176.190002,600.030029,655.640015,646.789978,543.859985,465.380005,405.01001,415.309998,490.359985,668.51001,819.01001,936.309998,674.200012,551.02002,295.660004,169.410004,150.009995,134.759995
2024-12-13,130.070007,122.900002,118.970001,114.949997,115.639999,125.849998,156.559998,187.759995,253.029999,245.770004,208.440002,174.419998,166.070007,165.009995,184.509995,220.800003,250.089996,284.209991,260.0,225.610001,175.0,146.220001,135.089996,116.519997
2024-12-14,116.93,111.360001,108.029999,99.019997,93.440002,88.110001,69.459999,78.019997,88.760002,74.300003,40.02,37.150002,37.41,36.669998,35.400002,35.110001,36.77,37.360001,24.91,12.86,12.88,12.89,12.83,3.3
2024-12-15,22.379999,22.360001,13.98,22.32,22.34,14.21,25.17,29.4,33.82,41.84,40.98,41.580002,42.290001,41.209999,39.380001,37.900002,34.279999,31.32,25.99,22.379999,18.549999,13.96,10.09,2.29
2024-12-16,0.09,0.1,0.05,0.07,0.02,2.18,7.28,29.52,34.509998,32.950001,31.440001,30.860001,30.459999,29.59,30.65,36.09,35.130001,33.360001,34.740002,29.700001,26.83,22.35,8.51,3.89
2024-12-17,34.790001,21.389999,19.75,21.299999,22.93,16.559999,35.139999,44.830002,53.150002,56.450001,53.009998,51.18,60.77,63.84,85.93,107.400002,112.550003,127.360001,121.650002,108.139999,98.519997,95.860001,80.5,60.75
2024-12-18,41.869999,31.540001,27.4,34.580002,23.459999,27.09,34.060001,41.869999,55.470001,49.25,45.07,42.049999,35.889999,35.139999,33.709999,35.439999,29.65,29.540001,57.57,57.279999,52.59,46.529999,39.279999,21.440001
2024-12-19,11.28,13.23,4.89,1.8,0.41,2.24,8.33,53.939999,67.440002,68.419998,65.839996,58.060001,37.779999,31.35,30.639999,31.059999,31.42,30.879999,45.82,71.18,66.050003,35.959999,20.24,18.98
2024-12-20,25.84,16.24,16.309999,17.43,17.389999,12.79,26.889999,29.91,39.52,33.389999,32.450001,33.220001,33.810001,33.490002,35.07,44.029999,71.919998,87.879997,78.120003,49.200001,33.57,31.370001,37.150002,19.92
2024-12-21,11.67,22.360001,21.08,16.129999,15.21,16.450001,16.799999,21.209999,22.860001,29.33,31.43,30.92,31.120001,29.83,25.91,27.280001,29.309999,29.280001,27.950001,20.73,14.92,5.28,4.35,4.0
2024-12-22,1.98,1.58,0.66,1.07,1.41,2.24,3.23,3.87,6.87,17.190001,20.16,23.0,21.190001,21.389999,28.02,41.779999,46.93,65.470001,60.799999,58.209999,46.93,36.66,36.209999,24.49
2024-12-23,29.190001,20.129999,14.18,9.25,9.78,14.8,20.700001,48.709999,59.34,59.630001,52.73,52.0,54.169998,54.82,61.560001,73.699997,82.559998,98.25,101.760002,97.480003,92.599998,108.290001,105.830002,97.0
2024-12-24,86.029999,82.839996,81.889999,78.0,78.779999,80.599998,85.07,100.839996,115.089996,120.949997,120.0,118.160004,117.489998,115.379997,117.980003,119.5,120.209999,118.0,110.980003,104.089996,102.559998,94.629997,90.040001,88.190002
2024-12-25,91.370003,86.440002,85.07,68.610001,61.810001,62.75,62.540001,84.93,90.199997,99.220001,93.540001,92.529999,94.389999,91.010002,99.160004,112.68,116.690002,120.510002,119.080002,117.989998,118.300003,113.010002,114.07,104.220001
2024-12-26,102.169998,95.059998,94.610001,89.639999,90.870003,95.099998,99.0,112.610001,119.099998,118.230003,113.239998,106.010002,107.709999,103.900002,109.639999,120.75,129.639999,137.899994,138.050003,135.710007,129.130005,120.849998,123.5,116.980003
2024-12-27,106.790001,101.519997,101.029999,99.739998,99.580002,106.199997,115.699997,124.290001,131.850006,130.149994,120.099998,107.940002,107.809998,107.940002,121.650002,136.460007,146.25,151.800003,158.399994,146.429993,133.139999,125.419998,126.760002,114.0
2024-12-28,126.400002,116.629997,110.150002,105.919998,102.93,105.580002,109.709999,124.239998,128.0,128.300003,122.830002,113.400002,108.970001,110.010002,117.830002,134.800003,139.320007,150.770004,147.509995,140.479996,129.259995,125.900002,121.25,114.93
2024-12-29,127.389999,114.089996,107.709999,101.699997,97.730003,98.599998,67.099998,57.560001,53.700001,40.860001,25.52,24.030001,29.219999,28.360001,24.719999,24.65,27.530001,28.110001,24.98,24.219999,22.74,13.8,13.75,13.71
2024-12-30,3.59,3.58,3.59,3.56,3.59,3.59,13.72,13.79,31.809999,36.380001,38.43,38.52,36.439999,34.700001,36.330002,37.869999,39.970001,39.389999,37.060001,33.0,31.5,31.41,29.49,3.59
2024-12-31,3.6,5.36,13.26,13.79,17.65,30.209999,40.0,51.880001,78.43,83.459999,47.919998,42.459999,38.450001,36.82,35.0,41.639999,47.0,50.209999,25.969999,24.24,22.59,15.7,7.98,1.6
